Mite,1444,234,IMG_2507.JPG,2448,3264
Mite,447,243,IMG_2508.JPG,2448,3264
Mite potential,99,536,IMG_2509.JPG,2448,3264
Mite,509,1749,IMG_2509.JPG,2448,3264
Mite,1693,1842,IMG_2510.JPG,2448,3264
Mite potential,592,3251,IMG_2513.JPG,2448,3264
Mite potential,2108,68,IMG_2513.JPG,2448,3264
Mite,1448,1536,IMG_2514.JPG,2448,3264
Mite,995,90,IMG_2514.JPG,2448,3264
Mite,2309,540,IMG_2514.JPG,2448,3264
Mite,1919,1106,IMG_2514.JPG,2448,3264
Mite,302,2093,IMG_2514.JPG,2448,3264
Mite,2050,2696,IMG_2514.JPG,2448,3264
Mite potential,1278,1522,IMG_2515.JPG,2448,3264
Mite,745,2768,IMG_2515.JPG,2448,3264
Mite,555,1076,IMG_2515.JPG,2448,3264
Mite,1352,54,IMG_2515.JPG,2448,3264
Mite,1191,996,IMG_2515.JPG,2448,3264
Mite,665,84,IMG_2516.JPG,2448,3264
Mite potential,1735,953,IMG_2516.JPG,2448,3264
Mite,502,1024,IMG_2516.JPG,2448,3264
Mite,56,2791,IMG_2516.JPG,2448,3264
Mite potential,934,2851,IMG_2516.JPG,2448,3264
Mite,917,1565,IMG_2517.JPG,2448,3264
Mite,740,1666,IMG_2517.JPG,2448,3264
Mite,324,2061,IMG_2517.JPG,2448,3264
Mite,558,2587,IMG_2517.JPG,2448,3264
Mite,756,554,IMG_2518.JPG,2448,3264
Mite,2235,1440,IMG_2518.JPG,2448,3264
Mite,2034,1569,IMG_2518.JPG,2448,3264
Mite,142,1510,IMG_2518.JPG,2448,3264
Mite,1600,1978,IMG_2518.JPG,2448,3264
Mite,1177,2608,IMG_2518.JPG,2448,3264
Mite,1774,542,IMG_2519.JPG,2448,3264
Mite,1154,1488,IMG_2519.JPG,2448,3264
Mite,2213,2606,IMG_2519.JPG,2448,3264
Mite,2165,1433,IMG_2520.JPG,2448,3264
Mite,404,1677,IMG_2521.JPG,2448,3264
Mite,2406,2346,IMG_2521.JPG,2448,3264
Mite,1858,1376,IMG_2522.JPG,2448,3264
Mite,1158,2430,IMG_2522.JPG,2448,3264
Mite,444,1303,IMG_2523.JPG,2448,3264
Mite,1864,2436,IMG_2523.JPG,2448,3264
Mite,2087,2300,IMG_2523.JPG,2448,3264
Mite,1381,2899,IMG_2523.JPG,2448,3264
Mite,1277,1423,IMG_2524.JPG,2448,3264
Mite,325,506,IMG_2524.JPG,2448,3264
Mite,867,2274,IMG_2524.JPG,2448,3264
Mite,641,2412,IMG_2524.JPG,2448,3264
Mite,160,2859,IMG_2524.JPG,2448,3264