Mite,1915,408,IMG_2535.JPG,2448,3264
Mite,2019,798,IMG_2535.JPG,2448,3264
Mite,2435,113,IMG_2535.JPG,2448,3264
Mite,237,41,IMG_2536.JPG,2448,3264
Mite,2256,390,IMG_2536.JPG,2448,3264
Mite,736,1067,IMG_2536.JPG,2448,3264
Mite,730,416,IMG_2537.JPG,2448,3264
Mite,453,520,IMG_2540.JPG,2448,3264
Mite potential,398,1890,IMG_2540.JPG,2448,3264
Mite,729,2550,IMG_2540.JPG,2448,3264
Mite,2208,421,IMG_2541.JPG,2448,3264
Mite,395,2140,IMG_2541.JPG,2448,3264
Mite potential,886,3184,IMG_2541.JPG,2448,3264
Mite,1267,352,IMG_2542.JPG,2448,3264
Mite,1559,1925,IMG_2542.JPG,2448,3264
Mite,1531,2591,IMG_2542.JPG,2448,3264
Mite,2026,2268,IMG_2542.JPG,2448,3264
Mite,1639,2962,IMG_2542.JPG,2448,3264
Mite,181,2116,IMG_2543.JPG,2448,3264
Mite,1054,2237,IMG_2543.JPG,2448,3264
Mite,1025,3251,IMG_2543.JPG,2448,3264
Mite,992,2218,IMG_2544.JPG,2448,3264
Mite,1845,2355,IMG_2544.JPG,2448,3264
Mite potential,240,2730,IMG_2545.JPG,2448,3264
Mite,1974,2268,IMG_2546.JPG,2448,3264
Mite,1506,1230,IMG_2547.JPG,2448,3264
Mite,1844,1012,IMG_2547.JPG,2448,3264
Mite,1401,650,IMG_2547.JPG,2448,3264
Mite,1886,1520,IMG_2547.JPG,2448,3264
Mite,71,1324,IMG_2547.JPG,2448,3264
Mite,1492,1646,IMG_2547.JPG,2448,3264
Mite,2212,1633,IMG_2547.JPG,2448,3264
Mite,703,2327,IMG_2547.JPG,2448,3264
Mite,601,1649,IMG_2548.JPG,2448,3264
Mite,2020,2155,IMG_2548.JPG,2448,3264
Mite,1676,969,IMG_2548.JPG,2448,3264
Mite,575,1163,IMG_2548.JPG,2448,3264
Mite,235,1376,IMG_2548.JPG,2448,3264
Mite,912,1756,IMG_2548.JPG,2448,3264
Mite,218,1768,IMG_2548.JPG,2448,3264
Mite,1844,2685,IMG_2548.JPG,2448,3264
Mite potential,567,3146,IMG_2548.JPG,2448,3264
Mite,503,879,IMG_2549.JPG,2448,3264
Mite,865,2081,IMG_2549.JPG,2448,3264
Mite,685,2625,IMG_2549.JPG,2448,3264
Mite,1252,2809,IMG_2549.JPG,2448,3264
Mite potential,1372,2883,IMG_2549.JPG,2448,3264
Mite,1474,1309,IMG_2550.JPG,2448,3264
Mite,332,2743,IMG_2550.JPG,2448,3264
Mite,1047,2124,IMG_2552.JPG,2448,3264
Mite,263,2936,IMG_2552.JPG,2448,3264
Mite,1059,2005,IMG_2553.JPG,2448,3264
Mite,1487,2356,IMG_2553.JPG,2448,3264
Mite,1512,2872,IMG_2553.JPG,2448,3264
Mite,1137,2577,IMG_2553.JPG,2448,3264
Mite,1121,2985,IMG_2553.JPG,2448,3264
Mite,1829,2991,IMG_2553.JPG,2448,3264
Mite,654,790,IMG_2554.JPG,2448,3264
Mite,1192,2660,IMG_2554.JPG,2448,3264
Mite potential,2136,757,IMG_2555.JPG,2448,3264
Mite,684,1079,IMG_2555.JPG,2448,3264
Mite,1655,18,IMG_2534.JPG,2448,3264
Mite,1588,1019,IMG_2534.JPG,2448,3264