Mite potential,331,2404,IMG_3784.JPG,2448,3264
Mite,454,668,IMG_3785.JPG,2448,3264
Mite,8,1546,IMG_3785.JPG,2448,3264
Mite,153,1686,IMG_3786.JPG,2448,3264
Mite,190,1576,IMG_3786.JPG,2448,3264
Mite,1269,1647,IMG_3786.JPG,2448,3264
Mite,1670,831,IMG_3786.JPG,2448,3264
Mite,539,523,IMG_3787.JPG,2448,3264
Mite potential,1833,1592,IMG_3787.JPG,2448,3264
Mite,513,1675,IMG_3788.JPG,2448,3264
Mite,1832,2813,IMG_3788.JPG,2448,3264
Mite,693,2913,IMG_3789.JPG,2448,3264
Mite,658,3011,IMG_3789.JPG,2448,3264
Mite,1749,2973,IMG_3789.JPG,2448,3264
Mite,2158,2156,IMG_3789.JPG,2448,3264
Mite,693,2191,IMG_3790.JPG,2448,3264
Mite,232,3106,IMG_3790.JPG,2448,3264
Mite double,2063,1611,IMG_3775.JPG,2448,3264
Mite,679,114,IMG_3776.JPG,2448,3264
Mite,152,3212,IMG_3776.JPG,2448,3264
Mite,1347,1514,IMG_3777.JPG,2448,3264
Mite,1516,583,IMG_3777.JPG,2448,3264
Mite,1852,3181,IMG_3777.JPG,2448,3264
Mite,1680,3057,IMG_3780.JPG,2448,3264
Mite,2437,2555,IMG_3780.JPG,2448,3264
Mite,219,3122,IMG_3781.JPG,2448,3264
Mite,1040,2579,IMG_3781.JPG,2448,3264
Mite potential,1586,1934,IMG_3782.JPG,2448,3264
Mite potential,690,1912,IMG_3783.JPG,2448,3264