Mite,2110,2384,IMG_2499.JPG,2448,3264
Mite,1813,2705,IMG_2499.JPG,2448,3264
Mite,2421,2537,IMG_2499.JPG,2448,3264
Mite,2006,1672,IMG_2500.JPG,2448,3264
Mite,1962,1798,IMG_2500.JPG,2448,3264
Mite,686,2322,IMG_2500.JPG,2448,3264
Mite,402,2638,IMG_2500.JPG,2448,3264
Mite,1006,2479,IMG_2500.JPG,2448,3264
Mite,2253,2462,IMG_2500.JPG,2448,3264
Mite,425,1692,IMG_2501.JPG,2448,3264
Mite,453,1579,IMG_2501.JPG,2448,3264
Mite,1556,1436,IMG_2501.JPG,2448,3264
Mite,687,2288,IMG_2501.JPG,2448,3264
Mite,962,2552,IMG_2501.JPG,2448,3264
Mite,1368,2625,IMG_2501.JPG,2448,3264
Mite,1266,2319,IMG_2501.JPG,2448,3264
Mite,1712,2425,IMG_2501.JPG,2448,3264
Mite,2131,2408,IMG_2501.JPG,2448,3264
Mite,2038,2825,IMG_2501.JPG,2448,3264
Mite potential,2273,3173,IMG_2501.JPG,2448,3264
Mite,889,2937,IMG_2501.JPG,2448,3264
Mite,762,1404,IMG_2502.JPG,2448,3264
Mite,474,2277,IMG_2502.JPG,2448,3264
Mite,922,2374,IMG_2502.JPG,2448,3264
Mite,1333,2355,IMG_2502.JPG,2448,3264
Mite,1725,2343,IMG_2502.JPG,2448,3264
Mite,1238,2764,IMG_2502.JPG,2448,3264
Mite,585,2572,IMG_2502.JPG,2448,3264
Mite,181,2514,IMG_2502.JPG,2448,3264
Mite,107,2880,IMG_2502.JPG,2448,3264
Mite,1876,3010,IMG_2502.JPG,2448,3264
Mite,1091,572,IMG_2486.JPG,2448,3264
Mite,1593,477,IMG_2486.JPG,2448,3264
Mite,1793,484,IMG_2487.JPG,2448,3264
Mite,1256,1731,IMG_2488.JPG,2448,3264
Mite,1043,1107,IMG_2490.JPG,2448,3264
Mite,1784,849,IMG_2491.JPG,2448,3264
Mite potential,1844,1151,IMG_2491.JPG,2448,3264
Mite,45,652,IMG_2492.JPG,2448,3264
Mite,1807,304,IMG_2492.JPG,2448,3264
Mite,125,975,IMG_2492.JPG,2448,3264
Mite,2195,1881,IMG_2492.JPG,2448,3264
Mite,1928,1772,IMG_2492.JPG,2448,3264
Mite,1580,2717,IMG_2492.JPG,2448,3264
Mite,583,327,IMG_2493.JPG,2448,3264
Mite,1462,783,IMG_2493.JPG,2448,3264
Mite,1552,977,IMG_2493.JPG,2448,3264
Mite,1324,897,IMG_2493.JPG,2448,3264
Mite,1046,1871,IMG_2493.JPG,2448,3264
Mite,782,1772,IMG_2493.JPG,2448,3264
Mite,473,2715,IMG_2493.JPG,2448,3264
Mite,1839,2761,IMG_2493.JPG,2448,3264
Mite,1377,2831,IMG_2493.JPG,2448,3264
Mite,589,116,IMG_2494.JPG,2448,3264
Mite,1233,1165,IMG_2494.JPG,2448,3264
Mite,797,1183,IMG_2494.JPG,2448,3264
Mite,1651,1140,IMG_2494.JPG,2448,3264
Mite,308,1083,IMG_2494.JPG,2448,3264
Mite,438,1401,IMG_2494.JPG,2448,3264
Mite potential,3,1345,IMG_2494.JPG,2448,3264
Mite potential,858,1136,IMG_2494.JPG,2448,3264
Mite,1147,1596,IMG_2494.JPG,2448,3264
Mite,1820,1833,IMG_2494.JPG,2448,3264
Mite,599,2396,IMG_2494.JPG,2448,3264
Mite,1438,2834,IMG_2494.JPG,2448,3264
Mite,1532,3019,IMG_2494.JPG,2448,3264
Mite,1306,2954,IMG_2494.JPG,2448,3264
Mite,905,328,IMG_2495.JPG,2448,3264
Mite,934,206,IMG_2495.JPG,2448,3264
Mite,2046,90,IMG_2495.JPG,2448,3264
Mite,2190,1077,IMG_2495.JPG,2448,3264
Mite,1745,977,IMG_2495.JPG,2448,3264
Mite,1164,936,IMG_2495.JPG,2448,3264
Mite,1450,1208,IMG_2495.JPG,2448,3264
Mite,1368,1587,IMG_2495.JPG,2448,3264
Mite potential,1256,1000,IMG_2495.JPG,2448,3264
Mite,1852,1275,IMG_2495.JPG,2448,3264
Mite,281,1846,IMG_2495.JPG,2448,3264
Mite,357,2519,IMG_2495.JPG,2448,3264
Mite,1965,2204,IMG_2495.JPG,2448,3264
Mite,1401,836,IMG_2496.JPG,2448,3264
Mite,1673,990,IMG_2496.JPG,2448,3264
Mite,1903,1861,IMG_2496.JPG,2448,3264
Mite,1992,2076,IMG_2496.JPG,2448,3264
Mite,1965,2521,IMG_2496.JPG,2448,3264
Mite,1098,2904,IMG_2497.JPG,2448,3264