Mite,1337,1716,IMG_2603.JPG,2448,3264
Mite,353,540,IMG_2606.JPG,2448,3264
Mite,493,655,IMG_2606.JPG,2448,3264
Mite,264,382,IMG_2607.JPG,2448,3264
Mite,603,525,IMG_2607.JPG,2448,3264
Mite,488,813,IMG_2607.JPG,2448,3264
Mite,1913,575,IMG_2607.JPG,2448,3264
Mite,2044,694,IMG_2607.JPG,2448,3264
Mite,1513,869,IMG_2607.JPG,2448,3264
Mite potential,1214,94,IMG_2608.JPG,2448,3264
Mite,1706,579,IMG_2608.JPG,2448,3264
Mite,1927,986,IMG_2608.JPG,2448,3264
Mite,2047,727,IMG_2608.JPG,2448,3264
Mite,185,833,IMG_2608.JPG,2448,3264
Mite,226,908,IMG_2608.JPG,2448,3264
Mite,140,1273,IMG_2608.JPG,2448,3264
Mite,247,1538,IMG_2608.JPG,2448,3264
Mite,645,1092,IMG_2609.JPG,2448,3264
Mite,770,1144,IMG_2609.JPG,2448,3264
Mite,1510,214,IMG_2609.JPG,2448,3264
Mite,1845,956,IMG_2609.JPG,2448,3264
Mite,1803,1392,IMG_2609.JPG,2448,3264
Mite,1514,1147,IMG_2609.JPG,2448,3264
Mite,1914,1660,IMG_2609.JPG,2448,3264
Mite,1204,1250,IMG_2609.JPG,2448,3264
Mite,1918,138,IMG_2610.JPG,2448,3264
Mite,1478,592,IMG_2610.JPG,2448,3264
Mite,2164,1240,IMG_2610.JPG,2448,3264
Mite,2269,1277,IMG_2610.JPG,2448,3264
Mite,2214,708,IMG_2611.JPG,2448,3264
Mite,2205,1819,IMG_2612.JPG,2448,3264
Mite,1786,2244,IMG_2612.JPG,2448,3264
Mite,2400,2812,IMG_2612.JPG,2448,3264
Mite,2326,504,IMG_2613.JPG,2448,3264
Mite,1818,533,IMG_2613.JPG,2448,3264
Mite,1585,1194,IMG_2613.JPG,2448,3264
Mite,2097,1239,IMG_2613.JPG,2448,3264
Mite,2077,1511,IMG_2613.JPG,2448,3264
Mite,1864,1491,IMG_2613.JPG,2448,3264
Mite,417,1618,IMG_2613.JPG,2448,3264
Mite potential,476,1414,IMG_2613.JPG,2448,3264
Mite,1408,1812,IMG_2613.JPG,2448,3264
Mite,22,2026,IMG_2613.JPG,2448,3264
Mite,1718,2487,IMG_2613.JPG,2448,3264
Mite,1674,2884,IMG_2613.JPG,2448,3264
Mite,1760,3138,IMG_2613.JPG,2448,3264
Mite,1133,2738,IMG_2613.JPG,2448,3264
Mite,719,2639,IMG_2613.JPG,2448,3264
Mite,619,2603,IMG_2613.JPG,2448,3264
Mite,938,483,IMG_2614.JPG,2448,3264
Mite,460,504,IMG_2614.JPG,2448,3264
Mite,247,1130,IMG_2614.JPG,2448,3264
Mite,723,1169,IMG_2614.JPG,2448,3264
Mite,75,1722,IMG_2614.JPG,2448,3264
Mite,510,1417,IMG_2614.JPG,2448,3264
Mite,712,1420,IMG_2614.JPG,2448,3264
Mite,1298,1697,IMG_2614.JPG,2448,3264
Mite potential,2015,1648,IMG_2614.JPG,2448,3264
Mite,1722,2130,IMG_2614.JPG,2448,3264
Mite,375,2349,IMG_2614.JPG,2448,3264
Mite,332,2729,IMG_2614.JPG,2448,3264
Mite,1918,2506,IMG_2614.JPG,2448,3264
Mite,1621,1453,IMG_2615.JPG,2448,3264
Mite,302,2149,IMG_2615.JPG,2448,3264
Mite,1676,2305,IMG_2615.JPG,2448,3264
Mite,1795,2413,IMG_2615.JPG,2448,3264
Mite,1333,2552,IMG_2615.JPG,2448,3264
Mite,365,1457,IMG_2616.JPG,2448,3264
Mite,435,2312,IMG_2616.JPG,2448,3264
Mite,556,2418,IMG_2616.JPG,2448,3264
Mite,103,2577,IMG_2616.JPG,2448,3264
Mite,1067,3015,IMG_2619.JPG,2448,3264
Mite,567,3023,IMG_2619.JPG,2448,3264
Mite,64,3213,IMG_2619.JPG,2448,3264
Mite,335,2017,IMG_2620.JPG,2448,3264
Mite,2363,2926,IMG_2620.JPG,2448,3264
Mite,1865,2934,IMG_2620.JPG,2448,3264
Mite,1352,3119,IMG_2620.JPG,2448,3264
Mite,103,2912,IMG_2620.JPG,2448,3264
Mite,671,3169,IMG_2620.JPG,2448,3264
Mite,1575,2036,IMG_2621.JPG,2448,3264
Mite,955,2665,IMG_2621.JPG,2448,3264
Mite,801,3227,IMG_2621.JPG,2448,3264
Mite,1201,2934,IMG_2621.JPG,2448,3264
Mite,1386,2951,IMG_2621.JPG,2448,3264
Mite,1117,2731,IMG_2621.JPG,2448,3264
Mite potential,1155,2705,IMG_2621.JPG,2448,3264
Mite,1926,3178,IMG_2621.JPG,2448,3264
Mite,2190,2632,IMG_2622.JPG,2448,3264
Mite,2430,2866,IMG_2622.JPG,2448,3264
Mite,1185,3035,IMG_2622.JPG,2448,3264