Mite,821,735,Photo-2020-08-12-11-58-18_1705.JPG,3264,2448
Mite,440,889,Photo-2020-08-12-11-58-18_1705.JPG,3264,2448
Mite,426,1478,Photo-2020-08-12-11-58-18_1705.JPG,3264,2448
Mite,496,1460,Photo-2020-08-12-11-58-18_1705.JPG,3264,2448
Mite,607,1601,Photo-2020-08-12-11-58-18_1705.JPG,3264,2448
Mite,791,1694,Photo-2020-08-12-11-58-18_1705.JPG,3264,2448
Mite,757,1742,Photo-2020-08-12-11-58-18_1705.JPG,3264,2448
Mite,564,2254,Photo-2020-08-12-11-58-18_1705.JPG,3264,2448
Mite,613,2441,Photo-2020-08-12-11-58-18_1705.JPG,3264,2448
Mite,872,2362,Photo-2020-08-12-11-58-18_1705.JPG,3264,2448
Mite,831,2166,Photo-2020-08-12-11-58-18_1705.JPG,3264,2448
Mite,945,2348,Photo-2020-08-12-11-58-18_1705.JPG,3264,2448
Mite,1038,2325,Photo-2020-08-12-11-58-18_1705.JPG,3264,2448
Mite,1764,2233,Photo-2020-08-12-11-58-18_1705.JPG,3264,2448
Mite,1665,2182,Photo-2020-08-12-11-58-18_1705.JPG,3264,2448
Mite,1400,2114,Photo-2020-08-12-11-58-18_1705.JPG,3264,2448
Mite,1729,1941,Photo-2020-08-12-11-58-18_1705.JPG,3264,2448
Mite,1240,1910,Photo-2020-08-12-11-58-18_1705.JPG,3264,2448
Mite,1938,1483,Photo-2020-08-12-11-58-18_1705.JPG,3264,2448
Mite,1904,1409,Photo-2020-08-12-11-58-18_1705.JPG,3264,2448
Mite,1734,1585,Photo-2020-08-12-11-58-18_1705.JPG,3264,2448
Mite,1555,1399,Photo-2020-08-12-11-58-18_1705.JPG,3264,2448
Mite,1452,1494,Photo-2020-08-12-11-58-18_1705.JPG,3264,2448
Mite,1515,1562,Photo-2020-08-12-11-58-18_1705.JPG,3264,2448
Mite,1291,1421,Photo-2020-08-12-11-58-18_1705.JPG,3264,2448
Mite,1513,1179,Photo-2020-08-12-11-58-18_1705.JPG,3264,2448
Mite,1855,1083,Photo-2020-08-12-11-58-18_1705.JPG,3264,2448
Mite,1130,1128,Photo-2020-08-12-11-58-18_1705.JPG,3264,2448
Mite,1922,889,Photo-2020-08-12-11-58-18_1705.JPG,3264,2448
Mite,1719,769,Photo-2020-08-12-11-58-18_1705.JPG,3264,2448
Mite,1596,800,Photo-2020-08-12-11-58-18_1705.JPG,3264,2448
Mite,1138,861,Photo-2020-08-12-11-58-18_1705.JPG,3264,2448
Mite,1739,670,Photo-2020-08-12-11-58-18_1705.JPG,3264,2448
Mite,2847,934,Photo-2020-08-12-11-58-18_1705.JPG,3264,2448
Mite,2396,928,Photo-2020-08-12-11-58-18_1705.JPG,3264,2448
Mite,2158,1149,Photo-2020-08-12-11-58-18_1705.JPG,3264,2448
Mite,2342,1140,Photo-2020-08-12-11-58-18_1705.JPG,3264,2448
Mite,2951,796,Photo-2020-08-12-11-58-18_1705.JPG,3264,2448
Mite,2235,1388,Photo-2020-08-12-11-58-18_1705.JPG,3264,2448
Mite,2420,1500,Photo-2020-08-12-11-58-18_1705.JPG,3264,2448
Mite,2088,1654,Photo-2020-08-12-11-58-18_1705.JPG,3264,2448
Mite,2966,1649,Photo-2020-08-12-11-58-18_1705.JPG,3264,2448
Mite,2445,1951,Photo-2020-08-12-11-58-18_1705.JPG,3264,2448
Mite,2693,1898,Photo-2020-08-12-11-58-18_1705.JPG,3264,2448
Mite,2551,2077,Photo-2020-08-12-11-58-18_1705.JPG,3264,2448
Mite,2268,2091,Photo-2020-08-12-11-58-18_1705.JPG,3264,2448
Mite,2332,2251,Photo-2020-08-12-11-58-18_1705.JPG,3264,2448
Mite,2032,2323,Photo-2020-08-12-11-58-18_1705.JPG,3264,2448
Mite,2127,2422,Photo-2020-08-12-11-58-18_1705.JPG,3264,2448
Mite,2522,2426,Photo-2020-08-12-11-58-18_1705.JPG,3264,2448
Mite,2315,2347,Photo-2020-08-12-11-58-18_1705.JPG,3264,2448
Mite,3187,2255,Photo-2020-08-12-11-58-18_1705.JPG,3264,2448
Mite,3150,2213,Photo-2020-08-12-11-58-18_1705.JPG,3264,2448
Mite,3025,2291,Photo-2020-08-12-11-58-18_1705.JPG,3264,2448
Mite,3252,2197,Photo-2020-08-12-11-58-18_1705.JPG,3264,2448
Mite,3191,1914,Photo-2020-08-12-11-58-18_1705.JPG,3264,2448
Mite,3175,1816,Photo-2020-08-12-11-58-18_1705.JPG,3264,2448
Mite,250,140,Photo-2020-08-12-11-57-52_1694.JPG,3264,2448
Mite,539,82,Photo-2020-08-12-11-57-52_1694.JPG,3264,2448
Mite,632,67,Photo-2020-08-12-11-57-52_1694.JPG,3264,2448
Mite,694,197,Photo-2020-08-12-11-57-52_1694.JPG,3264,2448
Mite,961,129,Photo-2020-08-12-11-57-52_1694.JPG,3264,2448
Mite,967,421,Photo-2020-08-12-11-57-52_1694.JPG,3264,2448
Mite,798,527,Photo-2020-08-12-11-57-52_1694.JPG,3264,2448
Mite,465,476,Photo-2020-08-12-11-57-52_1694.JPG,3264,2448
Mite,215,797,Photo-2020-08-12-11-57-52_1694.JPG,3264,2448
Mite,149,742,Photo-2020-08-12-11-57-52_1694.JPG,3264,2448
Mite,84,793,Photo-2020-08-12-11-57-52_1694.JPG,3264,2448
Mite,211,868,Photo-2020-08-12-11-57-52_1694.JPG,3264,2448
Mite,29,947,Photo-2020-08-12-11-57-52_1694.JPG,3264,2448
Mite,598,766,Photo-2020-08-12-11-57-52_1694.JPG,3264,2448
Mite,621,814,Photo-2020-08-12-11-57-52_1694.JPG,3264,2448
Mite,881,803,Photo-2020-08-12-11-57-52_1694.JPG,3264,2448
Mite,887,904,Photo-2020-08-12-11-57-52_1694.JPG,3264,2448
Mite,542,960,Photo-2020-08-12-11-57-52_1694.JPG,3264,2448
Mite,657,1070,Photo-2020-08-12-11-57-52_1694.JPG,3264,2448
Mite,652,1294,Photo-2020-08-12-11-57-52_1694.JPG,3264,2448
Mite,452,1342,Photo-2020-08-12-11-57-52_1694.JPG,3264,2448
Mite,457,1198,Photo-2020-08-12-11-57-52_1694.JPG,3264,2448
Mite,640,1777,Photo-2020-08-12-11-57-52_1694.JPG,3264,2448
Mite,696,1952,Photo-2020-08-12-11-57-52_1694.JPG,3264,2448
Mite,946,2199,Photo-2020-08-12-11-57-52_1694.JPG,3264,2448
Mite,242,2111,Photo-2020-08-12-11-57-52_1694.JPG,3264,2448
Mite,1248,2366,Photo-2020-08-12-11-57-52_1694.JPG,3264,2448
Mite,1394,2403,Photo-2020-08-12-11-57-52_1694.JPG,3264,2448
Mite,1754,2037,Photo-2020-08-12-11-57-52_1694.JPG,3264,2448
Mite,1625,2087,Photo-2020-08-12-11-57-52_1694.JPG,3264,2448
Mite,1877,1858,Photo-2020-08-12-11-57-52_1694.JPG,3264,2448
Mite,1537,1830,Photo-2020-08-12-11-57-52_1694.JPG,3264,2448
Mite,1035,1773,Photo-2020-08-12-11-57-52_1694.JPG,3264,2448
Mite,1380,1621,Photo-2020-08-12-11-57-52_1694.JPG,3264,2448
Mite,1659,1446,Photo-2020-08-12-11-57-52_1694.JPG,3264,2448
Mite,1855,1698,Photo-2020-08-12-11-57-52_1694.JPG,3264,2448
Mite,1664,1583,Photo-2020-08-12-11-57-52_1694.JPG,3264,2448
Mite,1784,1372,Photo-2020-08-12-11-57-52_1694.JPG,3264,2448
Mite,1819,1272,Photo-2020-08-12-11-57-52_1694.JPG,3264,2448
Mite,1048,1271,Photo-2020-08-12-11-57-52_1694.JPG,3264,2448
Mite,1201,1313,Photo-2020-08-12-11-57-52_1694.JPG,3264,2448
Mite,1436,1175,Photo-2020-08-12-11-57-52_1694.JPG,3264,2448
Mite,1480,1149,Photo-2020-08-12-11-57-52_1694.JPG,3264,2448
Mite,1531,1109,Photo-2020-08-12-11-57-52_1694.JPG,3264,2448
Mite,1176,974,Photo-2020-08-12-11-57-52_1694.JPG,3264,2448
Mite,1221,813,Photo-2020-08-12-11-57-52_1694.JPG,3264,2448
Mite,1261,777,Photo-2020-08-12-11-57-52_1694.JPG,3264,2448
Mite,1536,805,Photo-2020-08-12-11-57-52_1694.JPG,3264,2448
Mite,1737,859,Photo-2020-08-12-11-57-52_1694.JPG,3264,2448
Mite,1930,748,Photo-2020-08-12-11-57-52_1694.JPG,3264,2448
Mite,1634,530,Photo-2020-08-12-11-57-52_1694.JPG,3264,2448
Mite,1588,487,Photo-2020-08-12-11-57-52_1694.JPG,3264,2448
Mite,1479,512,Photo-2020-08-12-11-57-52_1694.JPG,3264,2448
Mite,1389,408,Photo-2020-08-12-11-57-52_1694.JPG,3264,2448
Mite,1455,206,Photo-2020-08-12-11-57-52_1694.JPG,3264,2448
Mite,1746,370,Photo-2020-08-12-11-57-52_1694.JPG,3264,2448
Mite,1773,368,Photo-2020-08-12-11-57-52_1694.JPG,3264,2448
Mite,1818,270,Photo-2020-08-12-11-57-52_1694.JPG,3264,2448
Mite,1934,265,Photo-2020-08-12-11-57-52_1694.JPG,3264,2448
Mite,1827,139,Photo-2020-08-12-11-57-52_1694.JPG,3264,2448
Mite,1530,60,Photo-2020-08-12-11-57-52_1694.JPG,3264,2448
Mite,2126,721,Photo-2020-08-12-11-57-52_1694.JPG,3264,2448
Mite,2364,648,Photo-2020-08-12-11-57-52_1694.JPG,3264,2448
Mite,2498,2157,Photo-2020-08-12-11-57-52_1694.JPG,3264,2448
Mite,296,34,Photo-2020-08-12-11-57-54_1695.JPG,3264,2448
Mite,408,164,Photo-2020-08-12-11-57-54_1695.JPG,3264,2448
Mite,163,328,Photo-2020-08-12-11-57-54_1695.JPG,3264,2448
Mite,201,349,Photo-2020-08-12-11-57-54_1695.JPG,3264,2448
Mite,500,192,Photo-2020-08-12-11-57-54_1695.JPG,3264,2448
Mite,829,63,Photo-2020-08-12-11-57-54_1695.JPG,3264,2448
Mite,625,216,Photo-2020-08-12-11-57-54_1695.JPG,3264,2448
Mite,591,269,Photo-2020-08-12-11-57-54_1695.JPG,3264,2448
Mite,443,695,Photo-2020-08-12-11-57-54_1695.JPG,3264,2448
Mite,288,778,Photo-2020-08-12-11-57-54_1695.JPG,3264,2448
Mite,57,839,Photo-2020-08-12-11-57-54_1695.JPG,3264,2448
Mite,97,895,Photo-2020-08-12-11-57-54_1695.JPG,3264,2448
Mite,869,655,Photo-2020-08-12-11-57-54_1695.JPG,3264,2448
Mite,803,739,Photo-2020-08-12-11-57-54_1695.JPG,3264,2448
Mite double,527,934,Photo-2020-08-12-11-57-54_1695.JPG,3264,2448
Mite,720,899,Photo-2020-08-12-11-57-54_1695.JPG,3264,2448
Mite,1021,910,Photo-2020-08-12-11-57-54_1695.JPG,3264,2448
Mite,99,1035,Photo-2020-08-12-11-57-54_1695.JPG,3264,2448
Mite,325,1009,Photo-2020-08-12-11-57-54_1695.JPG,3264,2448
Mite,453,1206,Photo-2020-08-12-11-57-54_1695.JPG,3264,2448
Mite,923,1183,Photo-2020-08-12-11-57-54_1695.JPG,3264,2448
Mite,378,1341,Photo-2020-08-12-11-57-54_1695.JPG,3264,2448
Mite,915,1438,Photo-2020-08-12-11-57-54_1695.JPG,3264,2448
Mite,497,1766,Photo-2020-08-12-11-57-54_1695.JPG,3264,2448
Mite,626,1694,Photo-2020-08-12-11-57-54_1695.JPG,3264,2448
Mite,198,1847,Photo-2020-08-12-11-57-54_1695.JPG,3264,2448
Mite,296,1924,Photo-2020-08-12-11-57-54_1695.JPG,3264,2448
Mite,421,1878,Photo-2020-08-12-11-57-54_1695.JPG,3264,2448
Mite,477,1957,Photo-2020-08-12-11-57-54_1695.JPG,3264,2448
Mite,672,1953,Photo-2020-08-12-11-57-54_1695.JPG,3264,2448
Mite,986,1681,Photo-2020-08-12-11-57-54_1695.JPG,3264,2448
Mite,464,2314,Photo-2020-08-12-11-57-54_1695.JPG,3264,2448
Mite,426,2424,Photo-2020-08-12-11-57-54_1695.JPG,3264,2448
Mite,311,2240,Photo-2020-08-12-11-57-54_1695.JPG,3264,2448
Mite,1532,2150,Photo-2020-08-12-11-57-54_1695.JPG,3264,2448
Mite,1321,2010,Photo-2020-08-12-11-57-54_1695.JPG,3264,2448
Mite,1196,1819,Photo-2020-08-12-11-57-54_1695.JPG,3264,2448
Mite,1092,1983,Photo-2020-08-12-11-57-54_1695.JPG,3264,2448
Mite,1254,1823,Photo-2020-08-12-11-57-54_1695.JPG,3264,2448
Mite,1291,1823,Photo-2020-08-12-11-57-54_1695.JPG,3264,2448
Mite,1317,1821,Photo-2020-08-12-11-57-54_1695.JPG,3264,2448
Mite,1559,1665,Photo-2020-08-12-11-57-54_1695.JPG,3264,2448
Mite,1796,1595,Photo-2020-08-12-11-57-54_1695.JPG,3264,2448
Mite,1118,1617,Photo-2020-08-12-11-57-54_1695.JPG,3264,2448
Mite,1764,1355,Photo-2020-08-12-11-57-54_1695.JPG,3264,2448
Mite,1700,1202,Photo-2020-08-12-11-57-54_1695.JPG,3264,2448
Mite,1318,741,Photo-2020-08-12-11-57-54_1695.JPG,3264,2448
Mite,1324,594,Photo-2020-08-12-11-57-54_1695.JPG,3264,2448
Mite,1448,639,Photo-2020-08-12-11-57-54_1695.JPG,3264,2448
Mite,1354,500,Photo-2020-08-12-11-57-54_1695.JPG,3264,2448
Mite,1313,500,Photo-2020-08-12-11-57-54_1695.JPG,3264,2448
Mite,1631,313,Photo-2020-08-12-11-57-54_1695.JPG,3264,2448
Mite,1590,353,Photo-2020-08-12-11-57-54_1695.JPG,3264,2448
Mite,1251,287,Photo-2020-08-12-11-57-54_1695.JPG,3264,2448
Mite,1126,294,Photo-2020-08-12-11-57-54_1695.JPG,3264,2448
Mite,1277,113,Photo-2020-08-12-11-57-54_1695.JPG,3264,2448
Mite,1458,164,Photo-2020-08-12-11-57-54_1695.JPG,3264,2448
Mite,1528,66,Photo-2020-08-12-11-57-54_1695.JPG,3264,2448
Mite,1288,981,Photo-2020-08-12-11-57-58_1696.JPG,3264,2448
Mite,1174,1093,Photo-2020-08-12-11-57-58_1696.JPG,3264,2448
Mite,1461,91,Photo-2020-08-12-11-57-58_1696.JPG,3264,2448
Mite,1456,7,Photo-2020-08-12-11-57-58_1696.JPG,3264,2448
Mite,860,801,Photo-2020-08-12-11-57-58_1696.JPG,3264,2448
Mite,875,1021,Photo-2020-08-12-11-57-58_1696.JPG,3264,2448
Mite,211,803,Photo-2020-08-12-11-57-58_1696.JPG,3264,2448
Mite,201,1161,Photo-2020-08-12-11-57-58_1696.JPG,3264,2448
Mite,343,1089,Photo-2020-08-12-11-57-58_1696.JPG,3264,2448
Mite,359,1337,Photo-2020-08-12-11-57-58_1696.JPG,3264,2448
Mite,871,1376,Photo-2020-08-12-11-57-58_1696.JPG,3264,2448
Mite,537,1714,Photo-2020-08-12-11-57-58_1696.JPG,3264,2448
Mite,528,1673,Photo-2020-08-12-11-57-58_1696.JPG,3264,2448
Mite,503,1581,Photo-2020-08-12-11-57-58_1696.JPG,3264,2448
Mite,571,1669,Photo-2020-08-12-11-57-58_1696.JPG,3264,2448
Mite,620,1651,Photo-2020-08-12-11-57-58_1696.JPG,3264,2448
Mite,456,1917,Photo-2020-08-12-11-57-58_1696.JPG,3264,2448
Mite,194,1896,Photo-2020-08-12-11-57-58_1696.JPG,3264,2448
Mite,160,1871,Photo-2020-08-12-11-57-58_1696.JPG,3264,2448
Mite,148,2036,Photo-2020-08-12-11-57-58_1696.JPG,3264,2448
Mite,392,2107,Photo-2020-08-12-11-57-58_1696.JPG,3264,2448
Mite,868,2139,Photo-2020-08-12-11-57-58_1696.JPG,3264,2448
Mite,612,2215,Photo-2020-08-12-11-57-58_1696.JPG,3264,2448
Mite,724,1688,Photo-2020-08-12-11-57-58_1696.JPG,3264,2448
Mite,764,1704,Photo-2020-08-12-11-57-58_1696.JPG,3264,2448
Mite,657,2410,Photo-2020-08-12-11-57-58_1696.JPG,3264,2448
Mite,652,2260,Photo-2020-08-12-11-57-58_1696.JPG,3264,2448
Mite,899,2387,Photo-2020-08-12-11-57-58_1696.JPG,3264,2448
Mite,1317,2246,Photo-2020-08-12-11-57-58_1696.JPG,3264,2448
Mite,1027,2042,Photo-2020-08-12-11-57-58_1696.JPG,3264,2448
Mite,1471,1979,Photo-2020-08-12-11-57-58_1696.JPG,3264,2448
Mite,1404,2066,Photo-2020-08-12-11-57-58_1696.JPG,3264,2448
Mite,1630,2244,Photo-2020-08-12-11-57-58_1696.JPG,3264,2448
Mite,1088,1534,Photo-2020-08-12-11-57-58_1696.JPG,3264,2448
Mite,993,1509,Photo-2020-08-12-11-57-58_1696.JPG,3264,2448
Mite,1432,1384,Photo-2020-08-12-11-57-58_1696.JPG,3264,2448
Mite,1117,1378,Photo-2020-08-12-11-57-58_1696.JPG,3264,2448
Mite,1464,943,Photo-2020-08-12-11-57-58_1696.JPG,3264,2448
Mite,1060,707,Photo-2020-08-12-11-57-58_1696.JPG,3264,2448
Mite,1158,623,Photo-2020-08-12-11-57-58_1696.JPG,3264,2448
Mite,1209,350,Photo-2020-08-12-11-57-58_1696.JPG,3264,2448
Mite,2050,170,Photo-2020-08-12-11-57-58_1696.JPG,3264,2448
Mite,2130,221,Photo-2020-08-12-11-57-58_1696.JPG,3264,2448
Mite,2396,114,Photo-2020-08-12-11-57-58_1696.JPG,3264,2448
Mite,1991,315,Photo-2020-08-12-11-57-58_1696.JPG,3264,2448
Mite,2161,1365,Photo-2020-08-12-11-57-58_1696.JPG,3264,2448
Mite,2083,1455,Photo-2020-08-12-11-57-58_1696.JPG,3264,2448
Mite,2221,1646,Photo-2020-08-12-11-57-58_1696.JPG,3264,2448
Mite,2279,1611,Photo-2020-08-12-11-57-58_1696.JPG,3264,2448
Mite,1940,1809,Photo-2020-08-12-11-57-58_1696.JPG,3264,2448
Mite,1987,1800,Photo-2020-08-12-11-57-58_1696.JPG,3264,2448
Mite,1937,1916,Photo-2020-08-12-11-57-58_1696.JPG,3264,2448
Mite,2083,1952,Photo-2020-08-12-11-57-58_1696.JPG,3264,2448
Mite,2129,2185,Photo-2020-08-12-11-57-58_1696.JPG,3264,2448
Mite,1278,920,Photo-2020-08-12-11-57-58_1697.JPG,3264,2448
Mite,1446,881,Photo-2020-08-12-11-57-58_1697.JPG,3264,2448
Mite,1422,37,Photo-2020-08-12-11-57-58_1697.JPG,3264,2448
Mite,2014,124,Photo-2020-08-12-11-57-58_1697.JPG,3264,2448
Mite,1956,263,Photo-2020-08-12-11-57-58_1697.JPG,3264,2448
Mite,1838,367,Photo-2020-08-12-11-57-58_1697.JPG,3264,2448
Mite,1853,404,Photo-2020-08-12-11-57-58_1697.JPG,3264,2448
Mite,1115,45,Photo-2020-08-12-11-57-58_1697.JPG,3264,2448
Mite,1022,31,Photo-2020-08-12-11-57-58_1697.JPG,3264,2448
Mite,915,37,Photo-2020-08-12-11-57-58_1697.JPG,3264,2448
Mite,1013,211,Photo-2020-08-12-11-57-58_1697.JPG,3264,2448
Mite,1066,254,Photo-2020-08-12-11-57-58_1697.JPG,3264,2448
Mite,1197,307,Photo-2020-08-12-11-57-58_1697.JPG,3264,2448
Mite,341,86,Photo-2020-08-12-11-57-58_1697.JPG,3264,2448
Mite,255,171,Photo-2020-08-12-11-57-58_1697.JPG,3264,2448
Mite,113,357,Photo-2020-08-12-11-57-58_1697.JPG,3264,2448
Mite,247,335,Photo-2020-08-12-11-57-58_1697.JPG,3264,2448
Mite,199,458,Photo-2020-08-12-11-57-58_1697.JPG,3264,2448
Mite,80,532,Photo-2020-08-12-11-57-58_1697.JPG,3264,2448
Mite,228,765,Photo-2020-08-12-11-57-58_1697.JPG,3264,2448
Mite,819,591,Photo-2020-08-12-11-57-58_1697.JPG,3264,2448
Mite,855,753,Photo-2020-08-12-11-57-58_1697.JPG,3264,2448
Mite,758,342,Photo-2020-08-12-11-57-58_1697.JPG,3264,2448
Mite,77,1187,Photo-2020-08-12-11-57-58_1697.JPG,3264,2448
Mite,231,1108,Photo-2020-08-12-11-57-58_1697.JPG,3264,2448
Mite,359,1031,Photo-2020-08-12-11-57-58_1697.JPG,3264,2448
Mite,186,1256,Photo-2020-08-12-11-57-58_1697.JPG,3264,2448
Mite,375,1271,Photo-2020-08-12-11-57-58_1697.JPG,3264,2448
Mite,313,1365,Photo-2020-08-12-11-57-58_1697.JPG,3264,2448
Mite,863,967,Photo-2020-08-12-11-57-58_1697.JPG,3264,2448
Mite,70,1475,Photo-2020-08-12-11-57-58_1697.JPG,3264,2448
Mite,544,1602,Photo-2020-08-12-11-57-58_1697.JPG,3264,2448
Mite,604,1593,Photo-2020-08-12-11-57-58_1697.JPG,3264,2448
Mite,649,1584,Photo-2020-08-12-11-57-58_1697.JPG,3264,2448
Mite,736,1615,Photo-2020-08-12-11-57-58_1697.JPG,3264,2448
Mite,790,1639,Photo-2020-08-12-11-57-58_1697.JPG,3264,2448
Mite,473,1844,Photo-2020-08-12-11-57-58_1697.JPG,3264,2448
Mite,236,1828,Photo-2020-08-12-11-57-58_1697.JPG,3264,2448
Mite,186,1796,Photo-2020-08-12-11-57-58_1697.JPG,3264,2448
Mite,178,1967,Photo-2020-08-12-11-57-58_1697.JPG,3264,2448
Mite,419,2024,Photo-2020-08-12-11-57-58_1697.JPG,3264,2448
Mite,635,2125,Photo-2020-08-12-11-57-58_1697.JPG,3264,2448
Mite,679,2185,Photo-2020-08-12-11-57-58_1697.JPG,3264,2448
Mite,681,2325,Photo-2020-08-12-11-57-58_1697.JPG,3264,2448
Mite,909,2304,Photo-2020-08-12-11-57-58_1697.JPG,3264,2448
Mite,886,2056,Photo-2020-08-12-11-57-58_1697.JPG,3264,2448
Mite,1047,1970,Photo-2020-08-12-11-57-58_1697.JPG,3264,2448
Mite,1334,2148,Photo-2020-08-12-11-57-58_1697.JPG,3264,2448
Mite,1410,1978,Photo-2020-08-12-11-57-58_1697.JPG,3264,2448
Mite,1472,1905,Photo-2020-08-12-11-57-58_1697.JPG,3264,2448
Mite,1495,1977,Photo-2020-08-12-11-57-58_1697.JPG,3264,2448
Mite,1548,2434,Photo-2020-08-12-11-57-58_1697.JPG,3264,2448
Mite,999,1447,Photo-2020-08-12-11-57-58_1697.JPG,3264,2448
Mite,1087,1457,Photo-2020-08-12-11-57-58_1697.JPG,3264,2448
Mite,1187,1527,Photo-2020-08-12-11-57-58_1697.JPG,3264,2448
Mite,1217,1478,Photo-2020-08-12-11-57-58_1697.JPG,3264,2448
Mite,869,1306,Photo-2020-08-12-11-57-58_1697.JPG,3264,2448
Mite,1104,1312,Photo-2020-08-12-11-57-58_1697.JPG,3264,2448
Mite,1423,1309,Photo-2020-08-12-11-57-58_1697.JPG,3264,2448
Mite,1161,1036,Photo-2020-08-12-11-57-58_1697.JPG,3264,2448
Mite,1145,564,Photo-2020-08-12-11-57-58_1697.JPG,3264,2448
Mite,2353,58,Photo-2020-08-12-11-57-58_1697.JPG,3264,2448
Mite,2080,157,Photo-2020-08-12-11-57-58_1697.JPG,3264,2448
Mite,2482,662,Photo-2020-08-12-11-57-58_1697.JPG,3264,2448
Mite,2189,860,Photo-2020-08-12-11-57-58_1697.JPG,3264,2448
Mite,2151,1290,Photo-2020-08-12-11-57-58_1697.JPG,3264,2448
Mite,2075,1379,Photo-2020-08-12-11-57-58_1697.JPG,3264,2448
Mite,1892,1347,Photo-2020-08-12-11-57-58_1697.JPG,3264,2448
Mite,1859,1524,Photo-2020-08-12-11-57-58_1697.JPG,3264,2448
Mite,2212,1573,Photo-2020-08-12-11-57-58_1697.JPG,3264,2448
Mite,2269,1535,Photo-2020-08-12-11-57-58_1697.JPG,3264,2448
Mite,1985,1716,Photo-2020-08-12-11-57-58_1697.JPG,3264,2448
Mite,1935,1724,Photo-2020-08-12-11-57-58_1697.JPG,3264,2448
Mite,1940,1827,Photo-2020-08-12-11-57-58_1697.JPG,3264,2448
Mite,2077,1869,Photo-2020-08-12-11-57-58_1697.JPG,3264,2448
Mite,1943,1961,Photo-2020-08-12-11-57-58_1697.JPG,3264,2448
Mite,2355,2429,Photo-2020-08-12-11-57-58_1697.JPG,3264,2448
Mite,1548,720,Photo-2020-08-12-11-58-01_1698.JPG,3264,2448
Mite,608,460,Photo-2020-08-12-11-58-01_1698.JPG,3264,2448
Mite,463,562,Photo-2020-08-12-11-58-01_1698.JPG,3264,2448
Mite,563,540,Photo-2020-08-12-11-58-01_1698.JPG,3264,2448
Mite,757,659,Photo-2020-08-12-11-58-01_1698.JPG,3264,2448
Mite,58,843,Photo-2020-08-12-11-58-01_1698.JPG,3264,2448
Mite,436,1089,Photo-2020-08-12-11-58-01_1698.JPG,3264,2448
Mite,211,1108,Photo-2020-08-12-11-58-01_1698.JPG,3264,2448
Mite,344,1176,Photo-2020-08-12-11-58-01_1698.JPG,3264,2448
Mite,743,1111,Photo-2020-08-12-11-58-01_1698.JPG,3264,2448
Mite,763,1170,Photo-2020-08-12-11-58-01_1698.JPG,3264,2448
Mite,597,1247,Photo-2020-08-12-11-58-01_1698.JPG,3264,2448
Mite,397,1230,Photo-2020-08-12-11-58-01_1698.JPG,3264,2448
Mite,297,1715,Photo-2020-08-12-11-58-01_1698.JPG,3264,2448
Mite,576,1573,Photo-2020-08-12-11-58-01_1698.JPG,3264,2448
Mite,530,1769,Photo-2020-08-12-11-58-01_1698.JPG,3264,2448
Mite,615,1821,Photo-2020-08-12-11-58-01_1698.JPG,3264,2448
Mite,845,1898,Photo-2020-08-12-11-58-01_1698.JPG,3264,2448
Mite,727,2049,Photo-2020-08-12-11-58-01_1698.JPG,3264,2448
Mite,231,2313,Photo-2020-08-12-11-58-01_1698.JPG,3264,2448
Mite,310,2281,Photo-2020-08-12-11-58-01_1698.JPG,3264,2448
Mite,68,2410,Photo-2020-08-12-11-58-01_1698.JPG,3264,2448
Mite,660,2147,Photo-2020-08-12-11-58-01_1698.JPG,3264,2448
Mite,516,2029,Photo-2020-08-12-11-58-01_1698.JPG,3264,2448
Mite,1045,2399,Photo-2020-08-12-11-58-01_1698.JPG,3264,2448
Mite,1224,2381,Photo-2020-08-12-11-58-01_1698.JPG,3264,2448
Mite,936,1995,Photo-2020-08-12-11-58-01_1698.JPG,3264,2448
Mite,1105,1845,Photo-2020-08-12-11-58-01_1698.JPG,3264,2448
Mite,1281,2003,Photo-2020-08-12-11-58-01_1698.JPG,3264,2448
Mite,1274,2088,Photo-2020-08-12-11-58-01_1698.JPG,3264,2448
Mite,1548,2178,Photo-2020-08-12-11-58-01_1698.JPG,3264,2448
Mite,1382,2250,Photo-2020-08-12-11-58-01_1698.JPG,3264,2448
Mite,1359,2121,Photo-2020-08-12-11-58-01_1698.JPG,3264,2448
Mite,1324,2077,Photo-2020-08-12-11-58-01_1698.JPG,3264,2448
Mite,1422,2070,Photo-2020-08-12-11-58-01_1698.JPG,3264,2448
Mite,1642,2029,Photo-2020-08-12-11-58-01_1698.JPG,3264,2448
Mite,1667,2063,Photo-2020-08-12-11-58-01_1698.JPG,3264,2448
Mite,1385,2408,Photo-2020-08-12-11-58-01_1698.JPG,3264,2448
Mite,1204,1581,Photo-2020-08-12-11-58-01_1698.JPG,3264,2448
Mite,1310,1695,Photo-2020-08-12-11-58-01_1698.JPG,3264,2448
Mite,906,1323,Photo-2020-08-12-11-58-01_1698.JPG,3264,2448
Mite,1027,1097,Photo-2020-08-12-11-58-01_1698.JPG,3264,2448
Mite,1187,1193,Photo-2020-08-12-11-58-01_1698.JPG,3264,2448
Mite,1619,1258,Photo-2020-08-12-11-58-01_1698.JPG,3264,2448
Mite,1173,703,Photo-2020-08-12-11-58-01_1698.JPG,3264,2448
Mite,1119,885,Photo-2020-08-12-11-58-01_1698.JPG,3264,2448
Mite,2416,600,Photo-2020-08-12-11-58-01_1698.JPG,3264,2448
Mite,2328,612,Photo-2020-08-12-11-58-01_1698.JPG,3264,2448
Mite,2214,701,Photo-2020-08-12-11-58-01_1698.JPG,3264,2448
Mite,2029,766,Photo-2020-08-12-11-58-01_1698.JPG,3264,2448
Mite,2285,771,Photo-2020-08-12-11-58-01_1698.JPG,3264,2448
Mite,2174,817,Photo-2020-08-12-11-58-01_1698.JPG,3264,2448
Mite,2126,805,Photo-2020-08-12-11-58-01_1698.JPG,3264,2448
Mite,2085,924,Photo-2020-08-12-11-58-01_1698.JPG,3264,2448
Mite,2337,942,Photo-2020-08-12-11-58-01_1698.JPG,3264,2448
Mite,2042,1021,Photo-2020-08-12-11-58-01_1698.JPG,3264,2448
Mite,2142,1162,Photo-2020-08-12-11-58-01_1698.JPG,3264,2448
Mite,2291,1251,Photo-2020-08-12-11-58-01_1698.JPG,3264,2448
Mite,2069,1265,Photo-2020-08-12-11-58-01_1698.JPG,3264,2448
Mite,1979,1328,Photo-2020-08-12-11-58-01_1698.JPG,3264,2448
Mite,2372,1366,Photo-2020-08-12-11-58-01_1698.JPG,3264,2448
Mite,2417,1340,Photo-2020-08-12-11-58-01_1698.JPG,3264,2448
Mite,1972,1378,Photo-2020-08-12-11-58-01_1698.JPG,3264,2448
Mite,1837,1477,Photo-2020-08-12-11-58-01_1698.JPG,3264,2448
Mite,2194,1402,Photo-2020-08-12-11-58-01_1698.JPG,3264,2448
Mite,2081,1385,Photo-2020-08-12-11-58-01_1698.JPG,3264,2448
Mite,2196,1702,Photo-2020-08-12-11-58-01_1698.JPG,3264,2448
Mite,2164,1721,Photo-2020-08-12-11-58-01_1698.JPG,3264,2448
Mite,1920,1821,Photo-2020-08-12-11-58-01_1698.JPG,3264,2448
Mite,1854,1862,Photo-2020-08-12-11-58-01_1698.JPG,3264,2448
Mite,1711,1894,Photo-2020-08-12-11-58-01_1698.JPG,3264,2448
Mite,1742,1925,Photo-2020-08-12-11-58-01_1698.JPG,3264,2448
Mite,2021,1943,Photo-2020-08-12-11-58-01_1698.JPG,3264,2448
Mite,1981,2000,Photo-2020-08-12-11-58-01_1698.JPG,3264,2448
Mite,2145,1910,Photo-2020-08-12-11-58-01_1698.JPG,3264,2448
Mite,1921,2081,Photo-2020-08-12-11-58-01_1698.JPG,3264,2448
Mite,1973,2097,Photo-2020-08-12-11-58-01_1698.JPG,3264,2448
Mite,2145,2075,Photo-2020-08-12-11-58-01_1698.JPG,3264,2448
Mite,2095,2127,Photo-2020-08-12-11-58-01_1698.JPG,3264,2448
Mite,2361,2152,Photo-2020-08-12-11-58-01_1698.JPG,3264,2448
Mite,3199,2106,Photo-2020-08-12-11-58-01_1698.JPG,3264,2448
Mite,3205,2041,Photo-2020-08-12-11-58-01_1698.JPG,3264,2448
Mite,3196,1960,Photo-2020-08-12-11-58-01_1698.JPG,3264,2448
Mite,3012,1809,Photo-2020-08-12-11-58-01_1698.JPG,3264,2448
Mite,2750,1917,Photo-2020-08-12-11-58-01_1698.JPG,3264,2448
Mite,2875,2265,Photo-2020-08-12-11-58-01_1698.JPG,3264,2448
Mite,2836,2234,Photo-2020-08-12-11-58-01_1698.JPG,3264,2448
Mite,3071,1727,Photo-2020-08-12-11-58-01_1698.JPG,3264,2448
Mite,3041,1627,Photo-2020-08-12-11-58-01_1698.JPG,3264,2448
Mite,2944,1554,Photo-2020-08-12-11-58-01_1698.JPG,3264,2448
Mite,3083,1488,Photo-2020-08-12-11-58-01_1698.JPG,3264,2448
Mite,2688,1148,Photo-2020-08-12-11-58-01_1698.JPG,3264,2448
Mite,2580,1104,Photo-2020-08-12-11-58-01_1698.JPG,3264,2448
Mite,2525,1095,Photo-2020-08-12-11-58-01_1698.JPG,3264,2448
Mite,2873,1001,Photo-2020-08-12-11-58-01_1698.JPG,3264,2448
Mite,2994,1218,Photo-2020-08-12-11-58-01_1698.JPG,3264,2448
Mite,3010,928,Photo-2020-08-12-11-58-01_1698.JPG,3264,2448
Mite,2915,814,Photo-2020-08-12-11-58-01_1698.JPG,3264,2448
Mite,2930,774,Photo-2020-08-12-11-58-01_1698.JPG,3264,2448
Mite,3071,801,Photo-2020-08-12-11-58-01_1698.JPG,3264,2448
Mite,2528,704,Photo-2020-08-12-11-58-01_1698.JPG,3264,2448
Mite,2584,611,Photo-2020-08-12-11-58-01_1698.JPG,3264,2448
Mite,2595,519,Photo-2020-08-12-11-58-01_1698.JPG,3264,2448
Mite,2586,777,Photo-2020-08-12-11-58-01_1698.JPG,3264,2448
Mite,2767,694,Photo-2020-08-12-11-58-01_1698.JPG,3264,2448
Mite,2805,706,Photo-2020-08-12-11-58-01_1698.JPG,3264,2448
Mite,2798,481,Photo-2020-08-12-11-58-01_1698.JPG,3264,2448
Mite,2721,448,Photo-2020-08-12-11-58-01_1698.JPG,3264,2448
Mite,537,13,Photo-2020-08-12-11-58-03_1699.JPG,3264,2448
Mite,647,256,Photo-2020-08-12-11-58-03_1699.JPG,3264,2448
Mite,763,89,Photo-2020-08-12-11-58-03_1699.JPG,3264,2448
Mite,865,192,Photo-2020-08-12-11-58-03_1699.JPG,3264,2448
Mite,581,380,Photo-2020-08-12-11-58-03_1699.JPG,3264,2448
Mite,126,529,Photo-2020-08-12-11-58-03_1699.JPG,3264,2448
Mite,123,624,Photo-2020-08-12-11-58-03_1699.JPG,3264,2448
Mite,169,592,Photo-2020-08-12-11-58-03_1699.JPG,3264,2448
Mite,221,497,Photo-2020-08-12-11-58-03_1699.JPG,3264,2448
Mite,349,536,Photo-2020-08-12-11-58-03_1699.JPG,3264,2448
Mite,114,872,Photo-2020-08-12-11-58-03_1699.JPG,3264,2448
Mite,45,893,Photo-2020-08-12-11-58-03_1699.JPG,3264,2448
Mite,267,816,Photo-2020-08-12-11-58-03_1699.JPG,3264,2448
Mite,435,788,Photo-2020-08-12-11-58-03_1699.JPG,3264,2448
Mite,564,993,Photo-2020-08-12-11-58-03_1699.JPG,3264,2448
Mite,190,1042,Photo-2020-08-12-11-58-03_1699.JPG,3264,2448
Mite,245,1065,Photo-2020-08-12-11-58-03_1699.JPG,3264,2448
Mite,318,1043,Photo-2020-08-12-11-58-03_1699.JPG,3264,2448
Mite,146,1339,Photo-2020-08-12-11-58-03_1699.JPG,3264,2448
Mite,47,1667,Photo-2020-08-12-11-58-03_1699.JPG,3264,2448
Mite,243,1477,Photo-2020-08-12-11-58-03_1699.JPG,3264,2448
Mite,289,1451,Photo-2020-08-12-11-58-03_1699.JPG,3264,2448
Mite,702,1307,Photo-2020-08-12-11-58-03_1699.JPG,3264,2448
Mite,836,1440,Photo-2020-08-12-11-58-03_1699.JPG,3264,2448
Mite,410,1549,Photo-2020-08-12-11-58-03_1699.JPG,3264,2448
Mite,310,1639,Photo-2020-08-12-11-58-03_1699.JPG,3264,2448
Mite,226,1691,Photo-2020-08-12-11-58-03_1699.JPG,3264,2448
Mite,133,1775,Photo-2020-08-12-11-58-03_1699.JPG,3264,2448
Mite,423,1638,Photo-2020-08-12-11-58-03_1699.JPG,3264,2448
Mite,522,1685,Photo-2020-08-12-11-58-03_1699.JPG,3264,2448
Mite,1331,1728,Photo-2020-08-12-11-58-03_1699.JPG,3264,2448
Mite,1248,1749,Photo-2020-08-12-11-58-03_1699.JPG,3264,2448
Mite,1250,1618,Photo-2020-08-12-11-58-03_1699.JPG,3264,2448
Mite,1225,1511,Photo-2020-08-12-11-58-03_1699.JPG,3264,2448
Mite,1134,1469,Photo-2020-08-12-11-58-03_1699.JPG,3264,2448
Mite,1003,1309,Photo-2020-08-12-11-58-03_1699.JPG,3264,2448
Mite,1544,1669,Photo-2020-08-12-11-58-03_1699.JPG,3264,2448
Mite,1517,1586,Photo-2020-08-12-11-58-03_1699.JPG,3264,2448
Mite,1558,1473,Photo-2020-08-12-11-58-03_1699.JPG,3264,2448
Mite,1333,1406,Photo-2020-08-12-11-58-03_1699.JPG,3264,2448
Mite,1183,1269,Photo-2020-08-12-11-58-03_1699.JPG,3264,2448
Mite,1051,1268,Photo-2020-08-12-11-58-03_1699.JPG,3264,2448
Mite,1240,1118,Photo-2020-08-12-11-58-03_1699.JPG,3264,2448
Mite,1511,1064,Photo-2020-08-12-11-58-03_1699.JPG,3264,2448
Mite,1203,933,Photo-2020-08-12-11-58-03_1699.JPG,3264,2448
Mite,892,892,Photo-2020-08-12-11-58-03_1699.JPG,3264,2448
Mite,921,886,Photo-2020-08-12-11-58-03_1699.JPG,3264,2448
Mite,974,631,Photo-2020-08-12-11-58-03_1699.JPG,3264,2448
Mite,1153,630,Photo-2020-08-12-11-58-03_1699.JPG,3264,2448
Mite,1320,675,Photo-2020-08-12-11-58-03_1699.JPG,3264,2448
Mite,1198,534,Photo-2020-08-12-11-58-03_1699.JPG,3264,2448
Mite,1328,501,Photo-2020-08-12-11-58-03_1699.JPG,3264,2448
Mite,1206,321,Photo-2020-08-12-11-58-03_1699.JPG,3264,2448
Mite,1218,240,Photo-2020-08-12-11-58-03_1699.JPG,3264,2448
Mite,1490,422,Photo-2020-08-12-11-58-03_1699.JPG,3264,2448
Mite,1147,79,Photo-2020-08-12-11-58-03_1699.JPG,3264,2448
Mite,1041,38,Photo-2020-08-12-11-58-03_1699.JPG,3264,2448
Mite,1893,52,Photo-2020-08-12-11-58-03_1699.JPG,3264,2448
Mite,1789,57,Photo-2020-08-12-11-58-03_1699.JPG,3264,2448
Mite,1824,104,Photo-2020-08-12-11-58-03_1699.JPG,3264,2448
Mite,1670,117,Photo-2020-08-12-11-58-03_1699.JPG,3264,2448
Mite,1585,255,Photo-2020-08-12-11-58-03_1699.JPG,3264,2448
Mite,1606,309,Photo-2020-08-12-11-58-03_1699.JPG,3264,2448
Mite,1986,187,Photo-2020-08-12-11-58-03_1699.JPG,3264,2448
Mite,1950,247,Photo-2020-08-12-11-58-03_1699.JPG,3264,2448
Mite,1888,333,Photo-2020-08-12-11-58-03_1699.JPG,3264,2448
Mite,1933,342,Photo-2020-08-12-11-58-03_1699.JPG,3264,2448
Mite,2116,146,Photo-2020-08-12-11-58-03_1699.JPG,3264,2448
Mite,2079,274,Photo-2020-08-12-11-58-03_1699.JPG,3264,2448
Mite,1877,469,Photo-2020-08-12-11-58-03_1699.JPG,3264,2448
Mite,2336,418,Photo-2020-08-12-11-58-03_1699.JPG,3264,2448
Mite,1939,792,Photo-2020-08-12-11-58-03_1699.JPG,3264,2448
Mite,2110,787,Photo-2020-08-12-11-58-03_1699.JPG,3264,2448
Mite,1562,855,Photo-2020-08-12-11-58-03_1699.JPG,3264,2448
Mite,2039,925,Photo-2020-08-12-11-58-03_1699.JPG,3264,2448
Mite,2092,1037,Photo-2020-08-12-11-58-03_1699.JPG,3264,2448
Mite,2030,1123,Photo-2020-08-12-11-58-03_1699.JPG,3264,2448
Mite,1917,1120,Photo-2020-08-12-11-58-03_1699.JPG,3264,2448
Mite,1828,1302,Photo-2020-08-12-11-58-03_1699.JPG,3264,2448
Mite,2056,1242,Photo-2020-08-12-11-58-03_1699.JPG,3264,2448
Mite,1987,1604,Photo-2020-08-12-11-58-03_1699.JPG,3264,2448
Mite,1997,1765,Photo-2020-08-12-11-58-03_1699.JPG,3264,2448
Mite,2008,1800,Photo-2020-08-12-11-58-03_1699.JPG,3264,2448
Mite,2186,1800,Photo-2020-08-12-11-58-03_1699.JPG,3264,2448
Mite,2212,1848,Photo-2020-08-12-11-58-03_1699.JPG,3264,2448
Mite,2304,1821,Photo-2020-08-12-11-58-03_1699.JPG,3264,2448
Mite,2279,2045,Photo-2020-08-12-11-58-03_1699.JPG,3264,2448
Mite,2260,2150,Photo-2020-08-12-11-58-03_1699.JPG,3264,2448
Mite,2058,2439,Photo-2020-08-12-11-58-03_1699.JPG,3264,2448
Mite,1881,2198,Photo-2020-08-12-11-58-03_1699.JPG,3264,2448
Mite,1691,2136,Photo-2020-08-12-11-58-03_1699.JPG,3264,2448
Mite,1635,2193,Photo-2020-08-12-11-58-03_1699.JPG,3264,2448
Mite,1582,2378,Photo-2020-08-12-11-58-03_1699.JPG,3264,2448
Mite,1676,2384,Photo-2020-08-12-11-58-03_1699.JPG,3264,2448
Mite,1725,1992,Photo-2020-08-12-11-58-03_1699.JPG,3264,2448
Mite,1780,1959,Photo-2020-08-12-11-58-03_1699.JPG,3264,2448
Mite,1848,1921,Photo-2020-08-12-11-58-03_1699.JPG,3264,2448
Mite,1933,2028,Photo-2020-08-12-11-58-03_1699.JPG,3264,2448
Mite,1959,2167,Photo-2020-08-12-11-58-03_1699.JPG,3264,2448
Mite,2016,2168,Photo-2020-08-12-11-58-03_1699.JPG,3264,2448
Mite,2012,2120,Photo-2020-08-12-11-58-03_1699.JPG,3264,2448
Mite,1868,2139,Photo-2020-08-12-11-58-03_1699.JPG,3264,2448
Mite,1859,2103,Photo-2020-08-12-11-58-03_1699.JPG,3264,2448
Mite,1537,1916,Photo-2020-08-12-11-58-03_1699.JPG,3264,2448
Mite,2041,1980,Photo-2020-08-12-11-58-03_1699.JPG,3264,2448
Mite,3034,2431,Photo-2020-08-12-11-58-03_1699.JPG,3264,2448
Mite,2389,2421,Photo-2020-08-12-11-58-03_1699.JPG,3264,2448
Mite,2537,2301,Photo-2020-08-12-11-58-03_1699.JPG,3264,2448
Mite,2580,2385,Photo-2020-08-12-11-58-03_1699.JPG,3264,2448
Mite,2937,1577,Photo-2020-08-12-11-58-03_1699.JPG,3264,2448
Mite,2529,1803,Photo-2020-08-12-11-58-03_1699.JPG,3264,2448
Mite,3032,1363,Photo-2020-08-12-11-58-03_1699.JPG,3264,2448
Mite,2728,1292,Photo-2020-08-12-11-58-03_1699.JPG,3264,2448
Mite,3034,782,Photo-2020-08-12-11-58-03_1699.JPG,3264,2448
Mite,2862,545,Photo-2020-08-12-11-58-03_1699.JPG,3264,2448
Mite,3212,388,Photo-2020-08-12-11-58-03_1699.JPG,3264,2448
Mite,3024,73,Photo-2020-08-12-11-58-03_1699.JPG,3264,2448
Mite,75,145,Photo-2020-08-12-11-58-05_1700.JPG,3264,2448
Mite,95,277,Photo-2020-08-12-11-58-05_1700.JPG,3264,2448
Mite,171,181,Photo-2020-08-12-11-58-05_1700.JPG,3264,2448
Mite,613,13,Photo-2020-08-12-11-58-05_1700.JPG,3264,2448
Mite,666,96,Photo-2020-08-12-11-58-05_1700.JPG,3264,2448
Mite,610,135,Photo-2020-08-12-11-58-05_1700.JPG,3264,2448
Mite,514,74,Photo-2020-08-12-11-58-05_1700.JPG,3264,2448
Mite,695,366,Photo-2020-08-12-11-58-05_1700.JPG,3264,2448
Mite,750,497,Photo-2020-08-12-11-58-05_1700.JPG,3264,2448
Mite,56,542,Photo-2020-08-12-11-58-05_1700.JPG,3264,2448
Mite,539,998,Photo-2020-08-12-11-58-05_1700.JPG,3264,2448
Mite,637,840,Photo-2020-08-12-11-58-05_1700.JPG,3264,2448
Mite,548,1146,Photo-2020-08-12-11-58-05_1700.JPG,3264,2448
Mite,660,1121,Photo-2020-08-12-11-58-05_1700.JPG,3264,2448
Mite,834,1483,Photo-2020-08-12-11-58-05_1700.JPG,3264,2448
Mite,581,1409,Photo-2020-08-12-11-58-05_1700.JPG,3264,2448
Mite,543,1472,Photo-2020-08-12-11-58-05_1700.JPG,3264,2448
Mite,461,1486,Photo-2020-08-12-11-58-05_1700.JPG,3264,2448
Mite,177,1418,Photo-2020-08-12-11-58-05_1700.JPG,3264,2448
Mite,51,1428,Photo-2020-08-12-11-58-05_1700.JPG,3264,2448
Mite,115,1534,Photo-2020-08-12-11-58-05_1700.JPG,3264,2448
Mite,70,1586,Photo-2020-08-12-11-58-05_1700.JPG,3264,2448
Mite,45,1659,Photo-2020-08-12-11-58-05_1700.JPG,3264,2448
Mite,121,1636,Photo-2020-08-12-11-58-05_1700.JPG,3264,2448
Mite,130,1687,Photo-2020-08-12-11-58-05_1700.JPG,3264,2448
Mite,389,1603,Photo-2020-08-12-11-58-05_1700.JPG,3264,2448
Mite,426,1555,Photo-2020-08-12-11-58-05_1700.JPG,3264,2448
Mite,479,1558,Photo-2020-08-12-11-58-05_1700.JPG,3264,2448
Mite,467,1616,Photo-2020-08-12-11-58-05_1700.JPG,3264,2448
Mite,633,1601,Photo-2020-08-12-11-58-05_1700.JPG,3264,2448
Mite,785,1572,Photo-2020-08-12-11-58-05_1700.JPG,3264,2448
Mite,753,1452,Photo-2020-08-12-11-58-05_1700.JPG,3264,2448
Mite,700,1640,Photo-2020-08-12-11-58-05_1700.JPG,3264,2448
Mite,460,1853,Photo-2020-08-12-11-58-05_1700.JPG,3264,2448
Mite,737,1874,Photo-2020-08-12-11-58-05_1700.JPG,3264,2448
Mite,875,1814,Photo-2020-08-12-11-58-05_1700.JPG,3264,2448
Mite,385,2140,Photo-2020-08-12-11-58-05_1700.JPG,3264,2448
Mite,836,2097,Photo-2020-08-12-11-58-05_1700.JPG,3264,2448
Mite,1496,2417,Photo-2020-08-12-11-58-05_1700.JPG,3264,2448
Mite,1400,2239,Photo-2020-08-12-11-58-05_1700.JPG,3264,2448
Mite,1567,1598,Photo-2020-08-12-11-58-05_1700.JPG,3264,2448
Mite,1364,1710,Photo-2020-08-12-11-58-05_1700.JPG,3264,2448
Mite,1325,1676,Photo-2020-08-12-11-58-05_1700.JPG,3264,2448
Mite,1319,1714,Photo-2020-08-12-11-58-05_1700.JPG,3264,2448
Mite,1020,1725,Photo-2020-08-12-11-58-05_1700.JPG,3264,2448
Mite,1108,1651,Photo-2020-08-12-11-58-05_1700.JPG,3264,2448
Mite,943,1635,Photo-2020-08-12-11-58-05_1700.JPG,3264,2448
Mite,1068,1453,Photo-2020-08-12-11-58-05_1700.JPG,3264,2448
Mite,1458,1499,Photo-2020-08-12-11-58-05_1700.JPG,3264,2448
Mite,1700,1154,Photo-2020-08-12-11-58-05_1700.JPG,3264,2448
Mite,1688,1108,Photo-2020-08-12-11-58-05_1700.JPG,3264,2448
Mite,1345,826,Photo-2020-08-12-11-58-05_1700.JPG,3264,2448
Mite,1036,899,Photo-2020-08-12-11-58-05_1700.JPG,3264,2448
Mite,1188,1020,Photo-2020-08-12-11-58-05_1700.JPG,3264,2448
Mite,1430,810,Photo-2020-08-12-11-58-05_1700.JPG,3264,2448
Mite,1478,835,Photo-2020-08-12-11-58-05_1700.JPG,3264,2448
Mite,1658,749,Photo-2020-08-12-11-58-05_1700.JPG,3264,2448
Mite,1601,653,Photo-2020-08-12-11-58-05_1700.JPG,3264,2448
Mite,1609,845,Photo-2020-08-12-11-58-05_1700.JPG,3264,2448
Mite,1031,730,Photo-2020-08-12-11-58-05_1700.JPG,3264,2448
Mite,888,717,Photo-2020-08-12-11-58-05_1700.JPG,3264,2448
Mite,1327,640,Photo-2020-08-12-11-58-05_1700.JPG,3264,2448
Mite,1038,323,Photo-2020-08-12-11-58-05_1700.JPG,3264,2448
Mite,1179,384,Photo-2020-08-12-11-58-05_1700.JPG,3264,2448
Mite,1311,278,Photo-2020-08-12-11-58-05_1700.JPG,3264,2448
Mite,1470,229,Photo-2020-08-12-11-58-05_1700.JPG,3264,2448
Mite,1423,299,Photo-2020-08-12-11-58-05_1700.JPG,3264,2448
Mite,1452,511,Photo-2020-08-12-11-58-05_1700.JPG,3264,2448
Mite,1365,510,Photo-2020-08-12-11-58-05_1700.JPG,3264,2448
Mite,1722,121,Photo-2020-08-12-11-58-05_1700.JPG,3264,2448
Mite,1503,73,Photo-2020-08-12-11-58-05_1700.JPG,3264,2448
Mite,1438,78,Photo-2020-08-12-11-58-05_1700.JPG,3264,2448
Mite,1136,21,Photo-2020-08-12-11-58-05_1700.JPG,3264,2448
Mite,1054,56,Photo-2020-08-12-11-58-05_1700.JPG,3264,2448
Mite,1849,65,Photo-2020-08-12-11-58-05_1700.JPG,3264,2448
Mite,2098,130,Photo-2020-08-12-11-58-05_1700.JPG,3264,2448
Mite,1810,207,Photo-2020-08-12-11-58-05_1700.JPG,3264,2448
Mite,1757,277,Photo-2020-08-12-11-58-05_1700.JPG,3264,2448
Mite,1786,646,Photo-2020-08-12-11-58-05_1700.JPG,3264,2448
Mite,1870,569,Photo-2020-08-12-11-58-05_1700.JPG,3264,2448
Mite,1975,479,Photo-2020-08-12-11-58-05_1700.JPG,3264,2448
Mite,2074,238,Photo-2020-08-12-11-58-05_1700.JPG,3264,2448
Mite,2365,412,Photo-2020-08-12-11-58-05_1700.JPG,3264,2448
Mite,2212,557,Photo-2020-08-12-11-58-05_1700.JPG,3264,2448
Mite,2155,622,Photo-2020-08-12-11-58-05_1700.JPG,3264,2448
Mite,2211,670,Photo-2020-08-12-11-58-05_1700.JPG,3264,2448
Mite,1934,659,Photo-2020-08-12-11-58-05_1700.JPG,3264,2448
Mite,2406,502,Photo-2020-08-12-11-58-05_1700.JPG,3264,2448
Mite,1736,809,Photo-2020-08-12-11-58-05_1700.JPG,3264,2448
Mite,1767,1079,Photo-2020-08-12-11-58-05_1700.JPG,3264,2448
Mite,2312,1108,Photo-2020-08-12-11-58-05_1700.JPG,3264,2448
Mite,1703,1271,Photo-2020-08-12-11-58-05_1700.JPG,3264,2448
Mite,1788,1439,Photo-2020-08-12-11-58-05_1700.JPG,3264,2448
Mite,2506,1362,Photo-2020-08-12-11-58-05_1700.JPG,3264,2448
Mite,2377,1068,Photo-2020-08-12-11-58-05_1700.JPG,3264,2448
Mite,1739,1747,Photo-2020-08-12-11-58-05_1700.JPG,3264,2448
Mite,2105,1500,Photo-2020-08-12-11-58-05_1700.JPG,3264,2448
Mite,1927,1653,Photo-2020-08-12-11-58-05_1700.JPG,3264,2448
Mite,2141,1688,Photo-2020-08-12-11-58-05_1700.JPG,3264,2448
Mite,2136,1635,Photo-2020-08-12-11-58-05_1700.JPG,3264,2448
Mite,2349,1670,Photo-2020-08-12-11-58-05_1700.JPG,3264,2448
Mite,2506,1689,Photo-2020-08-12-11-58-05_1700.JPG,3264,2448
Mite,2308,1892,Photo-2020-08-12-11-58-05_1700.JPG,3264,2448
Mite,1991,1906,Photo-2020-08-12-11-58-05_1700.JPG,3264,2448
Mite,2063,1969,Photo-2020-08-12-11-58-05_1700.JPG,3264,2448
Mite,2149,2389,Photo-2020-08-12-11-58-05_1700.JPG,3264,2448
Mite,3231,2085,Photo-2020-08-12-11-58-05_1700.JPG,3264,2448
Mite,3022,1997,Photo-2020-08-12-11-58-05_1700.JPG,3264,2448
Mite,2574,1562,Photo-2020-08-12-11-58-05_1700.JPG,3264,2448
Mite,2612,1731,Photo-2020-08-12-11-58-05_1700.JPG,3264,2448
Mite,2674,1569,Photo-2020-08-12-11-58-05_1700.JPG,3264,2448
Mite,3089,1269,Photo-2020-08-12-11-58-05_1700.JPG,3264,2448
Mite,3200,875,Photo-2020-08-12-11-58-05_1700.JPG,3264,2448
Mite,2899,927,Photo-2020-08-12-11-58-05_1700.JPG,3264,2448
Mite,2891,570,Photo-2020-08-12-11-58-05_1700.JPG,3264,2448
Mite,2884,460,Photo-2020-08-12-11-58-05_1700.JPG,3264,2448
Mite,3217,456,Photo-2020-08-12-11-58-05_1700.JPG,3264,2448
Mite,3254,172,Photo-2020-08-12-11-58-05_1700.JPG,3264,2448
Mite,92,76,Photo-2020-08-12-11-58-08_1701.JPG,3264,2448
Mite,117,264,Photo-2020-08-12-11-58-08_1701.JPG,3264,2448
Mite,345,391,Photo-2020-08-12-11-58-08_1701.JPG,3264,2448
Mite,199,645,Photo-2020-08-12-11-58-08_1701.JPG,3264,2448
Mite,521,526,Photo-2020-08-12-11-58-08_1701.JPG,3264,2448
Mite,556,519,Photo-2020-08-12-11-58-08_1701.JPG,3264,2448
Mite,631,510,Photo-2020-08-12-11-58-08_1701.JPG,3264,2448
Mite,596,689,Photo-2020-08-12-11-58-08_1701.JPG,3264,2448
Mite,566,650,Photo-2020-08-12-11-58-08_1701.JPG,3264,2448
Mite,583,807,Photo-2020-08-12-11-58-08_1701.JPG,3264,2448
Mite,654,798,Photo-2020-08-12-11-58-08_1701.JPG,3264,2448
Mite,849,711,Photo-2020-08-12-11-58-08_1701.JPG,3264,2448
Mite,832,691,Photo-2020-08-12-11-58-08_1701.JPG,3264,2448
Mite,587,1250,Photo-2020-08-12-11-58-08_1701.JPG,3264,2448
Mite,831,1273,Photo-2020-08-12-11-58-08_1701.JPG,3264,2448
Mite,447,1635,Photo-2020-08-12-11-58-08_1701.JPG,3264,2448
Mite,333,1507,Photo-2020-08-12-11-58-08_1701.JPG,3264,2448
Mite,545,1681,Photo-2020-08-12-11-58-08_1701.JPG,3264,2448
Mite,674,1653,Photo-2020-08-12-11-58-08_1701.JPG,3264,2448
Mite,741,1792,Photo-2020-08-12-11-58-08_1701.JPG,3264,2448
Mite,310,2103,Photo-2020-08-12-11-58-08_1701.JPG,3264,2448
Mite,67,2027,Photo-2020-08-12-11-58-08_1701.JPG,3264,2448
Mite,213,2117,Photo-2020-08-12-11-58-08_1701.JPG,3264,2448
Mite,1329,2087,Photo-2020-08-12-11-58-08_1701.JPG,3264,2448
Mite,1220,1946,Photo-2020-08-12-11-58-08_1701.JPG,3264,2448
Mite,971,2006,Photo-2020-08-12-11-58-08_1701.JPG,3264,2448
Mite,931,1678,Photo-2020-08-12-11-58-08_1701.JPG,3264,2448
Mite,1118,1722,Photo-2020-08-12-11-58-08_1701.JPG,3264,2448
Mite,1136,1772,Photo-2020-08-12-11-58-08_1701.JPG,3264,2448
Mite,1358,1238,Photo-2020-08-12-11-58-08_1701.JPG,3264,2448
Mite,1292,1227,Photo-2020-08-12-11-58-08_1701.JPG,3264,2448
Mite,1185,1129,Photo-2020-08-12-11-58-08_1701.JPG,3264,2448
Mite,1047,1069,Photo-2020-08-12-11-58-08_1701.JPG,3264,2448
Mite,1067,1086,Photo-2020-08-12-11-58-08_1701.JPG,3264,2448
Mite,1191,998,Photo-2020-08-12-11-58-08_1701.JPG,3264,2448
Mite,915,975,Photo-2020-08-12-11-58-08_1701.JPG,3264,2448
Mite,1330,933,Photo-2020-08-12-11-58-08_1701.JPG,3264,2448
Mite,1399,759,Photo-2020-08-12-11-58-08_1701.JPG,3264,2448
Mite,1381,803,Photo-2020-08-12-11-58-08_1701.JPG,3264,2448
Mite,1577,776,Photo-2020-08-12-11-58-08_1701.JPG,3264,2448
Mite,1488,852,Photo-2020-08-12-11-58-08_1701.JPG,3264,2448
Mite,1156,744,Photo-2020-08-12-11-58-08_1701.JPG,3264,2448
Mite,1253,682,Photo-2020-08-12-11-58-08_1701.JPG,3264,2448
Mite,1223,777,Photo-2020-08-12-11-58-08_1701.JPG,3264,2448
Mite,1095,708,Photo-2020-08-12-11-58-08_1701.JPG,3264,2448
Mite,882,748,Photo-2020-08-12-11-58-08_1701.JPG,3264,2448
Mite,894,662,Photo-2020-08-12-11-58-08_1701.JPG,3264,2448
Mite,947,668,Photo-2020-08-12-11-58-08_1701.JPG,3264,2448
Mite,927,727,Photo-2020-08-12-11-58-08_1701.JPG,3264,2448
Mite,1014,571,Photo-2020-08-12-11-58-08_1701.JPG,3264,2448
Mite,1044,502,Photo-2020-08-12-11-58-08_1701.JPG,3264,2448
Mite,1098,591,Photo-2020-08-12-11-58-08_1701.JPG,3264,2448
Mite,1228,553,Photo-2020-08-12-11-58-08_1701.JPG,3264,2448
Mite,1299,597,Photo-2020-08-12-11-58-08_1701.JPG,3264,2448
Mite,1418,568,Photo-2020-08-12-11-58-08_1701.JPG,3264,2448
Mite,1538,575,Photo-2020-08-12-11-58-08_1701.JPG,3264,2448
Mite,1379,521,Photo-2020-08-12-11-58-08_1701.JPG,3264,2448
Mite,1013,85,Photo-2020-08-12-11-58-08_1701.JPG,3264,2448
Mite,1021,247,Photo-2020-08-12-11-58-08_1701.JPG,3264,2448
Mite,1118,156,Photo-2020-08-12-11-58-08_1701.JPG,3264,2448
Mite,895,248,Photo-2020-08-12-11-58-08_1701.JPG,3264,2448
Mite,1660,120,Photo-2020-08-12-11-58-08_1701.JPG,3264,2448
Mite,2192,221,Photo-2020-08-12-11-58-08_1701.JPG,3264,2448
Mite,2190,175,Photo-2020-08-12-11-58-08_1701.JPG,3264,2448
Mite,2174,205,Photo-2020-08-12-11-58-08_1701.JPG,3264,2448
Mite,2189,266,Photo-2020-08-12-11-58-08_1701.JPG,3264,2448
Mite,2261,171,Photo-2020-08-12-11-58-08_1701.JPG,3264,2448
Mite,2179,364,Photo-2020-08-12-11-58-08_1701.JPG,3264,2448
Mite,2266,559,Photo-2020-08-12-11-58-08_1701.JPG,3264,2448
Mite,2211,577,Photo-2020-08-12-11-58-08_1701.JPG,3264,2448
Mite,1823,798,Photo-2020-08-12-11-58-08_1701.JPG,3264,2448
Mite,1779,843,Photo-2020-08-12-11-58-08_1701.JPG,3264,2448
Mite,1747,809,Photo-2020-08-12-11-58-08_1701.JPG,3264,2448
Mite,1790,797,Photo-2020-08-12-11-58-08_1701.JPG,3264,2448
Mite,1829,835,Photo-2020-08-12-11-58-08_1701.JPG,3264,2448
Mite,2042,710,Photo-2020-08-12-11-58-08_1701.JPG,3264,2448
Mite,1933,596,Photo-2020-08-12-11-58-08_1701.JPG,3264,2448
Mite,2212,878,Photo-2020-08-12-11-58-08_1701.JPG,3264,2448
Mite,2225,796,Photo-2020-08-12-11-58-08_1701.JPG,3264,2448
Mite,2403,777,Photo-2020-08-12-11-58-08_1701.JPG,3264,2448
Mite,2458,635,Photo-2020-08-12-11-58-08_1701.JPG,3264,2448
Mite,2396,610,Photo-2020-08-12-11-58-08_1701.JPG,3264,2448
Mite,2472,1027,Photo-2020-08-12-11-58-08_1701.JPG,3264,2448
Mite,2546,1112,Photo-2020-08-12-11-58-08_1701.JPG,3264,2448
Mite,2102,1033,Photo-2020-08-12-11-58-08_1701.JPG,3264,2448
Mite,1858,1383,Photo-2020-08-12-11-58-08_1701.JPG,3264,2448
Mite,1865,1522,Photo-2020-08-12-11-58-08_1701.JPG,3264,2448
Mite,2185,1640,Photo-2020-08-12-11-58-08_1701.JPG,3264,2448
Mite,1927,1680,Photo-2020-08-12-11-58-08_1701.JPG,3264,2448
Mite,1918,1766,Photo-2020-08-12-11-58-08_1701.JPG,3264,2448
Mite,1837,1712,Photo-2020-08-12-11-58-08_1701.JPG,3264,2448
Mite,1812,2057,Photo-2020-08-12-11-58-08_1701.JPG,3264,2448
Mite,1770,2071,Photo-2020-08-12-11-58-08_1701.JPG,3264,2448
Mite,1765,2106,Photo-2020-08-12-11-58-08_1701.JPG,3264,2448
Mite,1870,2162,Photo-2020-08-12-11-58-08_1701.JPG,3264,2448
Mite,1995,2043,Photo-2020-08-12-11-58-08_1701.JPG,3264,2448
Mite,2332,2063,Photo-2020-08-12-11-58-08_1701.JPG,3264,2448
Mite,2500,1983,Photo-2020-08-12-11-58-08_1701.JPG,3264,2448
Mite,2458,2040,Photo-2020-08-12-11-58-08_1701.JPG,3264,2448
Mite,2926,2103,Photo-2020-08-12-11-58-08_1701.JPG,3264,2448
Mite,2795,1569,Photo-2020-08-12-11-58-08_1701.JPG,3264,2448
Mite,2619,1524,Photo-2020-08-12-11-58-08_1701.JPG,3264,2448
Mite,2594,1554,Photo-2020-08-12-11-58-08_1701.JPG,3264,2448
Mite,2700,1687,Photo-2020-08-12-11-58-08_1701.JPG,3264,2448
Mite,2784,1023,Photo-2020-08-12-11-58-08_1701.JPG,3264,2448
Mite,3104,849,Photo-2020-08-12-11-58-08_1701.JPG,3264,2448
Mite,2828,782,Photo-2020-08-12-11-58-08_1701.JPG,3264,2448
Mite,2618,745,Photo-2020-08-12-11-58-08_1701.JPG,3264,2448
Mite,3056,669,Photo-2020-08-12-11-58-08_1701.JPG,3264,2448
Mite,2884,159,Photo-2020-08-12-11-58-08_1701.JPG,3264,2448
Mite,2811,200,Photo-2020-08-12-11-58-08_1701.JPG,3264,2448
Mite,1769,673,Photo-2020-08-12-11-58-10_1702.JPG,3264,2448
Mite,1796,711,Photo-2020-08-12-11-58-10_1702.JPG,3264,2448
Mite,1774,550,Photo-2020-08-12-11-58-10_1702.JPG,3264,2448
Mite,1832,519,Photo-2020-08-12-11-58-10_1702.JPG,3264,2448
Mite,1538,411,Photo-2020-08-12-11-58-10_1702.JPG,3264,2448
Mite,1418,235,Photo-2020-08-12-11-58-10_1702.JPG,3264,2448
Mite,1204,2120,Photo-2020-08-12-11-58-10_1702.JPG,3264,2448
Mite,1228,2114,Photo-2020-08-12-11-58-10_1702.JPG,3264,2448
Mite,1383,2201,Photo-2020-08-12-11-58-10_1702.JPG,3264,2448
Mite,1482,2184,Photo-2020-08-12-11-58-10_1702.JPG,3264,2448
Mite,1809,2174,Photo-2020-08-12-11-58-10_1702.JPG,3264,2448
Mite,1873,1715,Photo-2020-08-12-11-58-10_1702.JPG,3264,2448
Mite,1735,1748,Photo-2020-08-12-11-58-10_1702.JPG,3264,2448
Mite,1639,1701,Photo-2020-08-12-11-58-10_1702.JPG,3264,2448
Mite,1531,1575,Photo-2020-08-12-11-58-10_1702.JPG,3264,2448
Mite,1145,755,Photo-2020-08-12-11-58-10_1702.JPG,3264,2448
Mite,2247,240,Photo-2020-08-12-11-58-10_1702.JPG,3264,2448
Mite,2320,594,Photo-2020-08-12-11-58-10_1702.JPG,3264,2448
Mite,2107,693,Photo-2020-08-12-11-58-10_1702.JPG,3264,2448
Mite,2149,746,Photo-2020-08-12-11-58-10_1702.JPG,3264,2448
Mite,2101,783,Photo-2020-08-12-11-58-10_1702.JPG,3264,2448
Mite,2136,1011,Photo-2020-08-12-11-58-10_1702.JPG,3264,2448
Mite,2524,615,Photo-2020-08-12-11-58-10_1702.JPG,3264,2448
Mite,2487,695,Photo-2020-08-12-11-58-10_1702.JPG,3264,2448
Mite,2383,732,Photo-2020-08-12-11-58-10_1702.JPG,3264,2448
Mite,2316,732,Photo-2020-08-12-11-58-10_1702.JPG,3264,2448
Mite,2246,589,Photo-2020-08-12-11-58-10_1702.JPG,3264,2448
Mite,2418,1034,Photo-2020-08-12-11-58-10_1702.JPG,3264,2448
Mite,2555,963,Photo-2020-08-12-11-58-10_1702.JPG,3264,2448
Mite,2392,1174,Photo-2020-08-12-11-58-10_1702.JPG,3264,2448
Mite,2512,1269,Photo-2020-08-12-11-58-10_1702.JPG,3264,2448
Mite,2040,1316,Photo-2020-08-12-11-58-10_1702.JPG,3264,2448
Mite,2129,1741,Photo-2020-08-12-11-58-10_1702.JPG,3264,2448
Mite,2320,1782,Photo-2020-08-12-11-58-10_1702.JPG,3264,2448
Mite,2182,2078,Photo-2020-08-12-11-58-10_1702.JPG,3264,2448
Mite,1930,1863,Photo-2020-08-12-11-58-10_1702.JPG,3264,2448
Mite,2353,1827,Photo-2020-08-12-11-58-10_1702.JPG,3264,2448
Mite,2554,2035,Photo-2020-08-12-11-58-10_1702.JPG,3264,2448
Mite,2549,2171,Photo-2020-08-12-11-58-10_1702.JPG,3264,2448
Mite,3111,2240,Photo-2020-08-12-11-58-10_1702.JPG,3264,2448
Mite,3042,2129,Photo-2020-08-12-11-58-10_1702.JPG,3264,2448
Mite,2999,2147,Photo-2020-08-12-11-58-10_1702.JPG,3264,2448
Mite,3166,1738,Photo-2020-08-12-11-58-10_1702.JPG,3264,2448
Mite,3116,1424,Photo-2020-08-12-11-58-10_1702.JPG,3264,2448
Mite,2780,564,Photo-2020-08-12-11-58-10_1702.JPG,3264,2448
Mite,2819,785,Photo-2020-08-12-11-58-10_1702.JPG,3264,2448
Mite,1650,1335,Photo-2020-08-12-11-58-13_1703.JPG,3264,2448
Mite,1737,1236,Photo-2020-08-12-11-58-13_1703.JPG,3264,2448
Mite,1416,987,Photo-2020-08-12-11-58-13_1703.JPG,3264,2448
Mite,1415,891,Photo-2020-08-12-11-58-13_1703.JPG,3264,2448
Mite,1206,930,Photo-2020-08-12-11-58-13_1703.JPG,3264,2448
Mite,1276,1253,Photo-2020-08-12-11-58-13_1703.JPG,3264,2448
Mite,1458,1500,Photo-2020-08-12-11-58-13_1703.JPG,3264,2448
Mite,1610,1576,Photo-2020-08-12-11-58-13_1703.JPG,3264,2448
Mite,1697,1517,Photo-2020-08-12-11-58-13_1703.JPG,3264,2448
Mite,1713,645,Photo-2020-08-12-11-58-13_1703.JPG,3264,2448
Mite,1589,546,Photo-2020-08-12-11-58-13_1703.JPG,3264,2448
Mite,1540,571,Photo-2020-08-12-11-58-13_1703.JPG,3264,2448
Mite,1335,778,Photo-2020-08-12-11-58-13_1703.JPG,3264,2448
Mite,1603,760,Photo-2020-08-12-11-58-13_1703.JPG,3264,2448
Mite,1826,802,Photo-2020-08-12-11-58-13_1703.JPG,3264,2448
Mite,1445,427,Photo-2020-08-12-11-58-13_1703.JPG,3264,2448
Mite,2027,382,Photo-2020-08-12-11-58-13_1703.JPG,3264,2448
Mite,1583,143,Photo-2020-08-12-11-58-13_1703.JPG,3264,2448
Mite,1537,129,Photo-2020-08-12-11-58-13_1703.JPG,3264,2448
Mite,1498,110,Photo-2020-08-12-11-58-13_1703.JPG,3264,2448
Mite,1634,101,Photo-2020-08-12-11-58-13_1703.JPG,3264,2448
Mite,1875,39,Photo-2020-08-12-11-58-13_1703.JPG,3264,2448
Mite,1516,35,Photo-2020-08-12-11-58-13_1703.JPG,3264,2448
Mite,986,61,Photo-2020-08-12-11-58-13_1703.JPG,3264,2448
Mite,1187,361,Photo-2020-08-12-11-58-13_1703.JPG,3264,2448
Mite,1039,752,Photo-2020-08-12-11-58-13_1703.JPG,3264,2448
Mite,810,833,Photo-2020-08-12-11-58-13_1703.JPG,3264,2448
Mite,855,726,Photo-2020-08-12-11-58-13_1703.JPG,3264,2448
Mite,1130,848,Photo-2020-08-12-11-58-13_1703.JPG,3264,2448
Mite,1173,866,Photo-2020-08-12-11-58-13_1703.JPG,3264,2448
Mite,1086,1047,Photo-2020-08-12-11-58-13_1703.JPG,3264,2448
Mite,1135,1287,Photo-2020-08-12-11-58-13_1703.JPG,3264,2448
Mite,809,1395,Photo-2020-08-12-11-58-13_1703.JPG,3264,2448
Mite,1195,1636,Photo-2020-08-12-11-58-13_1703.JPG,3264,2448
Mite,939,1701,Photo-2020-08-12-11-58-13_1703.JPG,3264,2448
Mite,1350,1703,Photo-2020-08-12-11-58-13_1703.JPG,3264,2448
Mite,1160,2015,Photo-2020-08-12-11-58-13_1703.JPG,3264,2448
Mite,931,2129,Photo-2020-08-12-11-58-13_1703.JPG,3264,2448
Mite,739,1970,Photo-2020-08-12-11-58-13_1703.JPG,3264,2448
Mite,1211,2201,Photo-2020-08-12-11-58-13_1703.JPG,3264,2448
Mite,1431,2322,Photo-2020-08-12-11-58-13_1703.JPG,3264,2448
Mite,2085,2021,Photo-2020-08-12-11-58-13_1703.JPG,3264,2448
Mite,2088,2171,Photo-2020-08-12-11-58-13_1703.JPG,3264,2448
Mite,1640,1187,Photo-2020-08-12-11-58-13_1703.JPG,3264,2448
Mite,1335,1029,Photo-2020-08-12-11-58-13_1703.JPG,3264,2448
Mite,2181,1170,Photo-2020-08-12-11-58-13_1703.JPG,3264,2448
Mite,2087,1120,Photo-2020-08-12-11-58-13_1703.JPG,3264,2448
Mite,2156,526,Photo-2020-08-12-11-58-13_1703.JPG,3264,2448
Mite,2594,167,Photo-2020-08-12-11-58-13_1703.JPG,3264,2448
Mite,2400,326,Photo-2020-08-12-11-58-13_1703.JPG,3264,2448
Mite,2340,383,Photo-2020-08-12-11-58-13_1703.JPG,3264,2448
Mite,2473,558,Photo-2020-08-12-11-58-13_1703.JPG,3264,2448
Mite,2687,490,Photo-2020-08-12-11-58-13_1703.JPG,3264,2448
Mite,2573,600,Photo-2020-08-12-11-58-13_1703.JPG,3264,2448
Mite,2884,101,Photo-2020-08-12-11-58-13_1703.JPG,3264,2448
Mite,2869,680,Photo-2020-08-12-11-58-13_1703.JPG,3264,2448
Mite,2589,715,Photo-2020-08-12-11-58-13_1703.JPG,3264,2448
Mite,2906,750,Photo-2020-08-12-11-58-13_1703.JPG,3264,2448
Mite,2587,842,Photo-2020-08-12-11-58-13_1703.JPG,3264,2448
Mite,2649,895,Photo-2020-08-12-11-58-13_1703.JPG,3264,2448
Mite,2886,1027,Photo-2020-08-12-11-58-13_1703.JPG,3264,2448
Mite,2702,1064,Photo-2020-08-12-11-58-13_1703.JPG,3264,2448
Mite,2640,1088,Photo-2020-08-12-11-58-13_1703.JPG,3264,2448
Mite,2309,1536,Photo-2020-08-12-11-58-13_1703.JPG,3264,2448
Mite,2186,1388,Photo-2020-08-12-11-58-13_1703.JPG,3264,2448
Mite,2247,1399,Photo-2020-08-12-11-58-13_1703.JPG,3264,2448
Mite,2736,1413,Photo-2020-08-12-11-58-13_1703.JPG,3264,2448
Mite,2817,1588,Photo-2020-08-12-11-58-13_1703.JPG,3264,2448
Mite,2882,1665,Photo-2020-08-12-11-58-13_1703.JPG,3264,2448
Mite,2437,1756,Photo-2020-08-12-11-58-13_1703.JPG,3264,2448
Mite,2579,1767,Photo-2020-08-12-11-58-13_1703.JPG,3264,2448
Mite,2907,1851,Photo-2020-08-12-11-58-13_1703.JPG,3264,2448
Mite,2735,2034,Photo-2020-08-12-11-58-13_1703.JPG,3264,2448
Mite,2280,2434,Photo-2020-08-12-11-58-13_1703.JPG,3264,2448
Mite,3253,2122,Photo-2020-08-12-11-58-13_1703.JPG,3264,2448
Mite,3219,2120,Photo-2020-08-12-11-58-13_1703.JPG,3264,2448
Mite,3032,1855,Photo-2020-08-12-11-58-13_1703.JPG,3264,2448
Mite,2981,1831,Photo-2020-08-12-11-58-13_1703.JPG,3264,2448
Mite,3148,1680,Photo-2020-08-12-11-58-13_1703.JPG,3264,2448
Mite,3152,1598,Photo-2020-08-12-11-58-13_1703.JPG,3264,2448
Mite,3019,1541,Photo-2020-08-12-11-58-13_1703.JPG,3264,2448
Mite,2883,1306,Photo-2020-08-12-11-58-13_1703.JPG,3264,2448
Mite,2994,1336,Photo-2020-08-12-11-58-13_1703.JPG,3264,2448
Mite,2927,551,Photo-2020-08-12-11-58-13_1703.JPG,3264,2448
Mite,3179,354,Photo-2020-08-12-11-58-13_1703.JPG,3264,2448
Mite,830,95,Photo-2020-08-12-11-58-15_1704.JPG,3264,2448
Mite,793,154,Photo-2020-08-12-11-58-15_1704.JPG,3264,2448
Mite,851,560,Photo-2020-08-12-11-58-15_1704.JPG,3264,2448
Mite,557,880,Photo-2020-08-12-11-58-15_1704.JPG,3264,2448
Mite,634,825,Photo-2020-08-12-11-58-15_1704.JPG,3264,2448
Mite,663,848,Photo-2020-08-12-11-58-15_1704.JPG,3264,2448
Mite,834,853,Photo-2020-08-12-11-58-15_1704.JPG,3264,2448
Mite,887,739,Photo-2020-08-12-11-58-15_1704.JPG,3264,2448
Mite,959,744,Photo-2020-08-12-11-58-15_1704.JPG,3264,2448
Mite,901,966,Photo-2020-08-12-11-58-15_1704.JPG,3264,2448
Mite,874,928,Photo-2020-08-12-11-58-15_1704.JPG,3264,2448
Mite,695,1387,Photo-2020-08-12-11-58-15_1704.JPG,3264,2448
Mite,869,1694,Photo-2020-08-12-11-58-15_1704.JPG,3264,2448
Mite,729,1497,Photo-2020-08-12-11-58-15_1704.JPG,3264,2448
Mite,754,2320,Photo-2020-08-12-11-58-15_1704.JPG,3264,2448
Mite,1703,2374,Photo-2020-08-12-11-58-15_1704.JPG,3264,2448
Mite,1587,2327,Photo-2020-08-12-11-58-15_1704.JPG,3264,2448
Mite,1478,2332,Photo-2020-08-12-11-58-15_1704.JPG,3264,2448
Mite,1401,2390,Photo-2020-08-12-11-58-15_1704.JPG,3264,2448
Mite,1330,2332,Photo-2020-08-12-11-58-15_1704.JPG,3264,2448
Mite,1227,2366,Photo-2020-08-12-11-58-15_1704.JPG,3264,2448
Mite,1205,2320,Photo-2020-08-12-11-58-15_1704.JPG,3264,2448
Mite,1415,2161,Photo-2020-08-12-11-58-15_1704.JPG,3264,2448
Mite,1468,2137,Photo-2020-08-12-11-58-15_1704.JPG,3264,2448
Mite,1589,2222,Photo-2020-08-12-11-58-15_1704.JPG,3264,2448
Mite,1506,2213,Photo-2020-08-12-11-58-15_1704.JPG,3264,2448
Mite,1316,2017,Photo-2020-08-12-11-58-15_1704.JPG,3264,2448
Mite,1069,1955,Photo-2020-08-12-11-58-15_1704.JPG,3264,2448
Mite,1418,1739,Photo-2020-08-12-11-58-15_1704.JPG,3264,2448
Mite,1457,1750,Photo-2020-08-12-11-58-15_1704.JPG,3264,2448
Mite,1370,1722,Photo-2020-08-12-11-58-15_1704.JPG,3264,2448
Mite,1210,1572,Photo-2020-08-12-11-58-15_1704.JPG,3264,2448
Mite,1280,1557,Photo-2020-08-12-11-58-15_1704.JPG,3264,2448
Mite,1436,1488,Photo-2020-08-12-11-58-15_1704.JPG,3264,2448
Mite,1622,1456,Photo-2020-08-12-11-58-15_1704.JPG,3264,2448
Mite,1743,1660,Photo-2020-08-12-11-58-15_1704.JPG,3264,2448
Mite,1345,1254,Photo-2020-08-12-11-58-15_1704.JPG,3264,2448
Mite,1289,1207,Photo-2020-08-12-11-58-15_1704.JPG,3264,2448
Mite,1290,1300,Photo-2020-08-12-11-58-15_1704.JPG,3264,2448
Mite,1330,1361,Photo-2020-08-12-11-58-15_1704.JPG,3264,2448
Mite,1103,1311,Photo-2020-08-12-11-58-15_1704.JPG,3264,2448
Mite,1385,1156,Photo-2020-08-12-11-58-15_1704.JPG,3264,2448
Mite,1537,1206,Photo-2020-08-12-11-58-15_1704.JPG,3264,2448
Mite,1762,1029,Photo-2020-08-12-11-58-15_1704.JPG,3264,2448
Mite,1469,960,Photo-2020-08-12-11-58-15_1704.JPG,3264,2448
Mite,1309,1030,Photo-2020-08-12-11-58-15_1704.JPG,3264,2448
Mite,1621,870,Photo-2020-08-12-11-58-15_1704.JPG,3264,2448
Mite,1826,900,Photo-2020-08-12-11-58-15_1704.JPG,3264,2448
Mite,1712,663,Photo-2020-08-12-11-58-15_1704.JPG,3264,2448
Mite,1047,714,Photo-2020-08-12-11-58-15_1704.JPG,3264,2448
Mite,1078,759,Photo-2020-08-12-11-58-15_1704.JPG,3264,2448
Mite,1358,790,Photo-2020-08-12-11-58-15_1704.JPG,3264,2448
Mite,1624,593,Photo-2020-08-12-11-58-15_1704.JPG,3264,2448
Mite,1377,524,Photo-2020-08-12-11-58-15_1704.JPG,3264,2448
Mite,1695,378,Photo-2020-08-12-11-58-15_1704.JPG,3264,2448
Mite,1707,12,Photo-2020-08-12-11-58-15_1704.JPG,3264,2448
Mite,1500,6,Photo-2020-08-12-11-58-15_1704.JPG,3264,2448
Mite,2040,96,Photo-2020-08-12-11-58-15_1704.JPG,3264,2448
Mite,2589,245,Photo-2020-08-12-11-58-15_1704.JPG,3264,2448
Mite,2357,400,Photo-2020-08-12-11-58-15_1704.JPG,3264,2448
Mite,2464,509,Photo-2020-08-12-11-58-15_1704.JPG,3264,2448
Mite,2197,521,Photo-2020-08-12-11-58-15_1704.JPG,3264,2448
Mite,2234,679,Photo-2020-08-12-11-58-15_1704.JPG,3264,2448
Mite,1963,740,Photo-2020-08-12-11-58-15_1704.JPG,3264,2448
Mite,2048,838,Photo-2020-08-12-11-58-15_1704.JPG,3264,2448
Mite,2225,771,Photo-2020-08-12-11-58-15_1704.JPG,3264,2448
Mite,2316,769,Photo-2020-08-12-11-58-15_1704.JPG,3264,2448
Mite,2416,850,Photo-2020-08-12-11-58-15_1704.JPG,3264,2448
Mite,2513,766,Photo-2020-08-12-11-58-15_1704.JPG,3264,2448
Mite,2139,1018,Photo-2020-08-12-11-58-15_1704.JPG,3264,2448
Mite,2479,933,Photo-2020-08-12-11-58-15_1704.JPG,3264,2448
Mite,2418,960,Photo-2020-08-12-11-58-15_1704.JPG,3264,2448
Mite,2528,1144,Photo-2020-08-12-11-58-15_1704.JPG,3264,2448
Mite,2702,1046,Photo-2020-08-12-11-58-15_1704.JPG,3264,2448
Mite,2403,1180,Photo-2020-08-12-11-58-15_1704.JPG,3264,2448
Mite,2359,1274,Photo-2020-08-12-11-58-15_1704.JPG,3264,2448
Mite,2172,1283,Photo-2020-08-12-11-58-15_1704.JPG,3264,2448
Mite,2528,1310,Photo-2020-08-12-11-58-15_1704.JPG,3264,2448
Mite,2080,1558,Photo-2020-08-12-11-58-15_1704.JPG,3264,2448
Mite,2110,1543,Photo-2020-08-12-11-58-15_1704.JPG,3264,2448
Mite,1896,1981,Photo-2020-08-12-11-58-15_1704.JPG,3264,2448
Mite,2189,1972,Photo-2020-08-12-11-58-15_1704.JPG,3264,2448
Mite,2251,1921,Photo-2020-08-12-11-58-15_1704.JPG,3264,2448
Mite,2446,1769,Photo-2020-08-12-11-58-15_1704.JPG,3264,2448
Mite,2418,1569,Photo-2020-08-12-11-58-15_1704.JPG,3264,2448
Mite,2430,2178,Photo-2020-08-12-11-58-15_1704.JPG,3264,2448
Mite,2543,2067,Photo-2020-08-12-11-58-15_1704.JPG,3264,2448
Mite,2328,2129,Photo-2020-08-12-11-58-15_1704.JPG,3264,2448
Mite,2466,2289,Photo-2020-08-12-11-58-15_1704.JPG,3264,2448
Mite,2532,2386,Photo-2020-08-12-11-58-15_1704.JPG,3264,2448
Mite,2462,2422,Photo-2020-08-12-11-58-15_1704.JPG,3264,2448
Mite,2719,2249,Photo-2020-08-12-11-58-15_1704.JPG,3264,2448
Mite,2758,2317,Photo-2020-08-12-11-58-15_1704.JPG,3264,2448
Mite,2825,2354,Photo-2020-08-12-11-58-15_1704.JPG,3264,2448
Mite,3204,2230,Photo-2020-08-12-11-58-15_1704.JPG,3264,2448
Mite,3062,1954,Photo-2020-08-12-11-58-15_1704.JPG,3264,2448
Mite,2787,1486,Photo-2020-08-12-11-58-15_1704.JPG,3264,2448
Mite,2730,1702,Photo-2020-08-12-11-58-15_1704.JPG,3264,2448
Mite,3183,1416,Photo-2020-08-12-11-58-15_1704.JPG,3264,2448
Mite,3098,1636,Photo-2020-08-12-11-58-15_1704.JPG,3264,2448
Mite,3117,1087,Photo-2020-08-12-11-58-15_1704.JPG,3264,2448
Mite,2842,919,Photo-2020-08-12-11-58-15_1704.JPG,3264,2448
Mite,2813,880,Photo-2020-08-12-11-58-15_1704.JPG,3264,2448
Mite,2907,732,Photo-2020-08-12-11-58-15_1704.JPG,3264,2448
Mite,3025,666,Photo-2020-08-12-11-58-15_1704.JPG,3264,2448
Mite,3130,663,Photo-2020-08-12-11-58-15_1704.JPG,3264,2448
Mite,3053,704,Photo-2020-08-12-11-58-15_1704.JPG,3264,2448
Mite,3186,857,Photo-2020-08-12-11-58-15_1704.JPG,3264,2448
Mite,3124,945,Photo-2020-08-12-11-58-15_1704.JPG,3264,2448
Mite,3170,956,Photo-2020-08-12-11-58-15_1704.JPG,3264,2448
Mite,3045,279,Photo-2020-08-12-11-58-15_1704.JPG,3264,2448
Mite,3216,102,Photo-2020-08-12-11-58-15_1704.JPG,3264,2448
Mite,3190,156,Photo-2020-08-12-11-58-15_1704.JPG,3264,2448
Mite,2854,103,Photo-2020-08-12-11-58-15_1704.JPG,3264,2448