Mite,2005,1221,IMG_2406.JPG,2448,3264
Mite,1913,2038,IMG_2407.JPG,2448,3264
Mite,1983,2397,IMG_2407.JPG,2448,3264
Mite,1096,872,IMG_2408.JPG,2448,3264
Mite,2251,1106,IMG_2408.JPG,2448,3264
Mite,1455,1317,IMG_2408.JPG,2448,3264
Mite,1990,2258,IMG_2408.JPG,2448,3264
Mite,1433,2149,IMG_2408.JPG,2448,3264
Mite,1031,2249,IMG_2408.JPG,2448,3264
Mite,446,2497,IMG_2408.JPG,2448,3264
Mite,1329,2589,IMG_2408.JPG,2448,3264
Mite,857,817,IMG_2409.JPG,2448,3264
Mite,363,2008,IMG_2409.JPG,2448,3264
Mite,1606,2496,IMG_2409.JPG,2448,3264
Mite,451,2445,IMG_2410.JPG,2448,3264
Mite,1428,791,IMG_2391.JPG,2448,3264
Mite,2065,761,IMG_2391.JPG,2448,3264
Mite,2205,789,IMG_2391.JPG,2448,3264
Mite,555,661,IMG_2392.JPG,2448,3264
Mite,409,631,IMG_2392.JPG,2448,3264
Mite,363,483,IMG_2392.JPG,2448,3264
Mite,1301,1979,IMG_2393.JPG,2448,3264
Mite,1813,2441,IMG_2393.JPG,2448,3264
Mite,904,644,IMG_2394.JPG,2448,3264
Mite,285,2346,IMG_2394.JPG,2448,3264
Mite,1486,2466,IMG_2394.JPG,2448,3264
Mite,2018,881,IMG_2395.JPG,2448,3264
Mite,342,913,IMG_2395.JPG,2448,3264
Mite,965,2683,IMG_2395.JPG,2448,3264
Mite,149,3082,IMG_2397.JPG,2448,3264
Mite,1242,3230,IMG_2398.JPG,2448,3264
Mite,1901,3204,IMG_2398.JPG,2448,3264
Mite,1744,3041,IMG_2398.JPG,2448,3264
Mite,930,2161,IMG_2399.JPG,2448,3264
Mite,1050,767,IMG_2399.JPG,2448,3264
Mite,1157,1216,IMG_2401.JPG,2448,3264
Mite,1248,386,IMG_2401.JPG,2448,3264
Mite,541,684,IMG_2401.JPG,2448,3264
Mite,591,1402,IMG_2402.JPG,2448,3264
Mite,886,1943,IMG_2403.JPG,2448,3264
Mite,1345,1879,IMG_2404.JPG,2448,3264
Mite,688,806,IMG_2404.JPG,2448,3264
Mite,577,1172,IMG_2404.JPG,2448,3264
Mite,2201,1302,IMG_2404.JPG,2448,3264
Mite,1152,915,IMG_2404.JPG,2448,3264
Mite,1433,2290,IMG_2404.JPG,2448,3264
Mite,1459,2652,IMG_2404.JPG,2448,3264
Mite,1888,841,IMG_2405.JPG,2448,3264
Mite,1783,1211,IMG_2405.JPG,2448,3264
Mite,2372,947,IMG_2405.JPG,2448,3264
Mite,1530,920,IMG_2405.JPG,2448,3264
Mite,1023,1116,IMG_2405.JPG,2448,3264