Mite,2267,2216,IMG_3177.JPG,2448,3264
Mite,1969,2575,IMG_3177.JPG,2448,3264
Mite,345,876,IMG_3178.JPG,2448,3264
Mite,544,1735,IMG_3178.JPG,2448,3264
Mite,786,2461,IMG_3178.JPG,2448,3264
Mite,1357,2437,IMG_3178.JPG,2448,3264
Mite,1059,2092,IMG_3178.JPG,2448,3264
Mite,198,2400,IMG_3179.JPG,2448,3264
Mite,685,3162,IMG_3179.JPG,2448,3264
Mite,1793,728,IMG_3179.JPG,2448,3264
Mite,1547,1184,IMG_3180.JPG,2448,3264
Mite,740,629,IMG_3180.JPG,2448,3264
Mite,2143,868,IMG_3161.JPG,2448,3264
Mite,354,791,IMG_3162.JPG,2448,3264
Mite,1462,1403,IMG_3163.JPG,2448,3264
Mite,875,1470,IMG_3164.JPG,2448,3264
Mite,47,1451,IMG_3164.JPG,2448,3264
Mite,272,1165,IMG_3164.JPG,2448,3264
Mite,2424,1191,IMG_3164.JPG,2448,3264
Mite,1868,1204,IMG_3165.JPG,2448,3264
Mite,1221,1165,IMG_3166.JPG,2448,3264
Mite,1951,2701,IMG_3166.JPG,2448,3264
Mite,300,1304,IMG_3167.JPG,2448,3264
Mite,871,2787,IMG_3167.JPG,2448,3264
Mite,826,153,IMG_3168.JPG,2448,3264
Mite,548,574,IMG_3168.JPG,2448,3264
Mite,1171,536,IMG_3168.JPG,2448,3264
Mite,2234,2731,IMG_3168.JPG,2448,3264
Mite,1746,1379,IMG_3168.JPG,2448,3264
Mite,1590,1567,IMG_3169.JPG,2448,3264
Mite,1590,27,IMG_3169.JPG,2448,3264
Mite,931,2230,IMG_3169.JPG,2448,3264
Mite,308,3039,IMG_3169.JPG,2448,3264
Mite,2116,385,IMG_3169.JPG,2448,3264
Mite,1844,750,IMG_3169.JPG,2448,3264