Mite,1273,777,IMG_3113.JPG,2448,3264
Mite,1389,630,IMG_3113.JPG,2448,3264
Mite,739,619,IMG_3113.JPG,2448,3264
Mite,1043,2198,IMG_3113.JPG,2448,3264
Mite,887,2427,IMG_3113.JPG,2448,3264
Mite,1115,2778,IMG_3113.JPG,2448,3264
Mite,1382,2641,IMG_3113.JPG,2448,3264
Mite,1459,1840,IMG_3113.JPG,2448,3264
Mite,735,1520,IMG_3113.JPG,2448,3264
Mite,1921,262,IMG_3113.JPG,2448,3264
Mite,2051,1624,IMG_3113.JPG,2448,3264
Mite,2418,1673,IMG_3113.JPG,2448,3264
Mite,1933,2223,IMG_3113.JPG,2448,3264
Mite,2391,2256,IMG_3113.JPG,2448,3264
Mite potential,1673,2230,IMG_3113.JPG,2448,3264
Mite,1185,1622,IMG_3114.JPG,2448,3264
Mite,751,1720,IMG_3114.JPG,2448,3264
Mite,798,1574,IMG_3114.JPG,2448,3264
Mite,1500,709,IMG_3114.JPG,2448,3264
Mite,1663,174,IMG_3114.JPG,2448,3264
Mite,54,520,IMG_3114.JPG,2448,3264
Mite,536,1479,IMG_3114.JPG,2448,3264
Mite,184,1809,IMG_3114.JPG,2448,3264
Mite,698,2209,IMG_3114.JPG,2448,3264
Mite,142,2644,IMG_3114.JPG,2448,3264
Mite,683,2746,IMG_3114.JPG,2448,3264
Mite,1175,2248,IMG_3114.JPG,2448,3264
Mite,1145,418,IMG_3114.JPG,2448,3264
Mite,2165,136,IMG_3114.JPG,2448,3264
Mite,1969,1496,IMG_3114.JPG,2448,3264
Mite,2227,1702,IMG_3114.JPG,2448,3264
Mite,1880,2463,IMG_3114.JPG,2448,3264
Mite,1597,2505,IMG_3114.JPG,2448,3264
Mite,1384,1706,IMG_3115.JPG,2448,3264
Mite,1679,1209,IMG_3115.JPG,2448,3264
Mite,1581,1331,IMG_3115.JPG,2448,3264
Mite,885,1264,IMG_3115.JPG,2448,3264
Mite,1591,1531,IMG_3115.JPG,2448,3264
Mite,1306,618,IMG_3115.JPG,2448,3264
Mite,1285,609,IMG_3115.JPG,2448,3264
Mite,1156,685,IMG_3115.JPG,2448,3264
Mite,1219,406,IMG_3115.JPG,2448,3264
Mite,1334,471,IMG_3115.JPG,2448,3264
Mite,1672,1136,IMG_3115.JPG,2448,3264
Mite,1235,1045,IMG_3115.JPG,2448,3264
Mite,1418,941,IMG_3115.JPG,2448,3264
Mite,748,428,IMG_3115.JPG,2448,3264
Mite,572,279,IMG_3115.JPG,2448,3264
Mite,120,334,IMG_3115.JPG,2448,3264
Mite,95,707,IMG_3115.JPG,2448,3264
Mite,458,1554,IMG_3115.JPG,2448,3264
Mite,425,2470,IMG_3115.JPG,2448,3264
Mite,167,2518,IMG_3115.JPG,2448,3264
Mite,1648,207,IMG_3115.JPG,2448,3264
Mite,1835,208,IMG_3115.JPG,2448,3264
Mite,1960,854,IMG_3115.JPG,2448,3264
Mite,1734,935,IMG_3115.JPG,2448,3264
Mite,1570,526,IMG_3115.JPG,2448,3264
Mite,2061,625,IMG_3115.JPG,2448,3264
Mite,2268,483,IMG_3115.JPG,2448,3264
Mite,2157,1961,IMG_3115.JPG,2448,3264
Mite,1418,2298,IMG_3115.JPG,2448,3264
Mite,1834,2359,IMG_3115.JPG,2448,3264
Mite,1851,2647,IMG_3115.JPG,2448,3264
Mite,1640,1447,IMG_3116.JPG,2448,3264
Mite,1377,450,IMG_3116.JPG,2448,3264
Mite,790,947,IMG_3116.JPG,2448,3264
Mite,866,56,IMG_3116.JPG,2448,3264
Mite,431,65,IMG_3116.JPG,2448,3264
Mite,450,312,IMG_3116.JPG,2448,3264
Mite,484,328,IMG_3116.JPG,2448,3264
Mite,70,520,IMG_3116.JPG,2448,3264
Mite,190,590,IMG_3116.JPG,2448,3264
Mite double,157,720,IMG_3116.JPG,2448,3264
Mite,283,1026,IMG_3116.JPG,2448,3264
Mite,583,1021,IMG_3116.JPG,2448,3264
Mite,535,1208,IMG_3116.JPG,2448,3264
Mite,542,1282,IMG_3116.JPG,2448,3264
Mite,456,1403,IMG_3116.JPG,2448,3264
Mite,109,1125,IMG_3116.JPG,2448,3264
Mite,654,1773,IMG_3116.JPG,2448,3264
Mite,275,1752,IMG_3116.JPG,2448,3264
Mite,725,2370,IMG_3116.JPG,2448,3264
Mite,749,2655,IMG_3116.JPG,2448,3264
Mite,1021,1987,IMG_3116.JPG,2448,3264
Mite,1240,839,IMG_3116.JPG,2448,3264
Mite,1343,877,IMG_3116.JPG,2448,3264
Mite,1027,364,IMG_3116.JPG,2448,3264
Mite,659,339,IMG_3116.JPG,2448,3264
Mite,1785,75,IMG_3116.JPG,2448,3264
Mite,1915,543,IMG_3116.JPG,2448,3264
Mite,1752,704,IMG_3116.JPG,2448,3264
Mite,1291,1081,IMG_3116.JPG,2448,3264
Mite,1456,968,IMG_3116.JPG,2448,3264
Mite,2059,1324,IMG_3116.JPG,2448,3264
Mite,1484,1693,IMG_3116.JPG,2448,3264
Mite,1291,1954,IMG_3116.JPG,2448,3264
Mite,933,1583,IMG_3117.JPG,2448,3264
Mite,1195,1291,IMG_3117.JPG,2448,3264
Mite,1019,1645,IMG_3117.JPG,2448,3264
Mite,1591,1732,IMG_3117.JPG,2448,3264
Mite,1109,1114,IMG_3117.JPG,2448,3264
Mite,1513,511,IMG_3117.JPG,2448,3264
Mite,1156,662,IMG_3117.JPG,2448,3264
Mite,282,896,IMG_3117.JPG,2448,3264
Mite,173,991,IMG_3117.JPG,2448,3264
Mite,399,1135,IMG_3117.JPG,2448,3264
Mite,264,1267,IMG_3117.JPG,2448,3264
Mite,736,1207,IMG_3117.JPG,2448,3264
Mite,735,1248,IMG_3117.JPG,2448,3264
Mite,191,1295,IMG_3117.JPG,2448,3264
Mite,150,1362,IMG_3117.JPG,2448,3264
Mite,507,1532,IMG_3117.JPG,2448,3264
Mite,455,1649,IMG_3117.JPG,2448,3264
Mite,515,1648,IMG_3117.JPG,2448,3264
Mite,558,1800,IMG_3117.JPG,2448,3264
Mite,161,1647,IMG_3117.JPG,2448,3264
Mite,154,1783,IMG_3117.JPG,2448,3264
Mite,356,1878,IMG_3117.JPG,2448,3264
Mite,584,2038,IMG_3117.JPG,2448,3264
Mite,611,2059,IMG_3117.JPG,2448,3264
Mite,208,2247,IMG_3117.JPG,2448,3264
Mite,317,2314,IMG_3117.JPG,2448,3264
Mite double,287,2437,IMG_3117.JPG,2448,3264
Mite,414,2737,IMG_3117.JPG,2448,3264
Mite,719,2723,IMG_3117.JPG,2448,3264
Mite,920,2636,IMG_3117.JPG,2448,3264
Mite,999,2430,IMG_3117.JPG,2448,3264
Mite,538,2356,IMG_3117.JPG,2448,3264
Mite,658,2899,IMG_3117.JPG,2448,3264
Mite,671,2974,IMG_3117.JPG,2448,3264
Mite,586,3088,IMG_3117.JPG,2448,3264
Mite,240,2834,IMG_3117.JPG,2448,3264
Mite,1419,2766,IMG_3117.JPG,2448,3264
Mite,1546,2659,IMG_3117.JPG,2448,3264
Mite,1488,2162,IMG_3117.JPG,2448,3264
Mite,866,2171,IMG_3117.JPG,2448,3264
Mite,2006,1036,IMG_3117.JPG,2448,3264
Mite,2113,1069,IMG_3117.JPG,2448,3264
Mite,1862,1815,IMG_3117.JPG,2448,3264
Mite,1778,2148,IMG_3117.JPG,2448,3264
Mite,1853,2400,IMG_3117.JPG,2448,3264
Mite,1627,2288,IMG_3117.JPG,2448,3264
Mite,1997,2245,IMG_3117.JPG,2448,3264
Mite,1769,3114,IMG_3117.JPG,2448,3264
Mite,1177,1555,IMG_3118.JPG,2448,3264
Mite,1332,1542,IMG_3118.JPG,2448,3264
Mite,1416,1340,IMG_3118.JPG,2448,3264
Mite,1462,1268,IMG_3118.JPG,2448,3264
Mite,1522,1249,IMG_3118.JPG,2448,3264
Mite,1429,1742,IMG_3118.JPG,2448,3264
Mite,1616,1829,IMG_3118.JPG,2448,3264
Mite,841,1977,IMG_3118.JPG,2448,3264
Mite,775,1526,IMG_3118.JPG,2448,3264
Mite,924,1446,IMG_3118.JPG,2448,3264
Mite,1073,1031,IMG_3118.JPG,2448,3264
Mite,1438,980,IMG_3118.JPG,2448,3264
Mite,1196,1129,IMG_3118.JPG,2448,3264
Mite,1548,886,IMG_3118.JPG,2448,3264
Mite,1657,1122,IMG_3118.JPG,2448,3264
Mite,921,1187,IMG_3118.JPG,2448,3264
Mite,417,736,IMG_3118.JPG,2448,3264
Mite,28,761,IMG_3118.JPG,2448,3264
Mite,416,1056,IMG_3118.JPG,2448,3264
Mite,395,1074,IMG_3118.JPG,2448,3264
Mite,349,1201,IMG_3118.JPG,2448,3264
Mite,152,1352,IMG_3118.JPG,2448,3264
Mite,325,1365,IMG_3118.JPG,2448,3264
Mite,580,1085,IMG_3118.JPG,2448,3264
Mite,643,1085,IMG_3118.JPG,2448,3264
Mite,801,1177,IMG_3118.JPG,2448,3264
Mite,487,1424,IMG_3118.JPG,2448,3264
Mite,468,1555,IMG_3118.JPG,2448,3264
Mite,604,1500,IMG_3118.JPG,2448,3264
Mite,409,1788,IMG_3118.JPG,2448,3264
Mite,462,2167,IMG_3118.JPG,2448,3264
Mite,892,2107,IMG_3118.JPG,2448,3264
Mite,1218,2978,IMG_3118.JPG,2448,3264
Mite double,1563,2368,IMG_3118.JPG,2448,3264
Mite,1585,2241,IMG_3118.JPG,2448,3264
Mite,1487,2193,IMG_3118.JPG,2448,3264
Mite,1522,2760,IMG_3118.JPG,2448,3264
Mite,1059,2234,IMG_3118.JPG,2448,3264
Mite,1766,1608,IMG_3118.JPG,2448,3264
Mite,1713,1611,IMG_3118.JPG,2448,3264
Mite,2360,666,IMG_3118.JPG,2448,3264
Mite,2062,1001,IMG_3118.JPG,2448,3264
Mite,2318,1094,IMG_3118.JPG,2448,3264
Mite,2394,1263,IMG_3118.JPG,2448,3264
Mite,1968,1190,IMG_3118.JPG,2448,3264
Mite,1966,1223,IMG_3118.JPG,2448,3264
Mite,2155,1547,IMG_3118.JPG,2448,3264
Mite,2239,1598,IMG_3118.JPG,2448,3264
Mite,2201,1740,IMG_3118.JPG,2448,3264
Mite,1804,1751,IMG_3118.JPG,2448,3264
Mite,1835,1978,IMG_3118.JPG,2448,3264
Mite,1854,2001,IMG_3118.JPG,2448,3264
Mite,2012,1998,IMG_3118.JPG,2448,3264
Mite,2221,2347,IMG_3118.JPG,2448,3264
Mite,1959,2630,IMG_3118.JPG,2448,3264
Mite,1795,2285,IMG_3118.JPG,2448,3264
Mite,1681,2647,IMG_3118.JPG,2448,3264
Mite,1903,2815,IMG_3118.JPG,2448,3264
Mite,1842,2988,IMG_3118.JPG,2448,3264
Mite,1923,2872,IMG_3118.JPG,2448,3264
Mite,863,1384,IMG_3119.JPG,2448,3264
Mite,1464,1204,IMG_3119.JPG,2448,3264
Mite,1628,1225,IMG_3119.JPG,2448,3264
Mite,1662,1060,IMG_3119.JPG,2448,3264
Mite,970,1048,IMG_3119.JPG,2448,3264
Mite,889,1032,IMG_3119.JPG,2448,3264
Mite,855,1048,IMG_3119.JPG,2448,3264
Mite,1052,997,IMG_3119.JPG,2448,3264
Mite,1044,774,IMG_3119.JPG,2448,3264
Mite,1356,611,IMG_3119.JPG,2448,3264
Mite,1187,620,IMG_3119.JPG,2448,3264
Mite,868,450,IMG_3119.JPG,2448,3264
Mite,390,1108,IMG_3119.JPG,2448,3264
Mite,187,1305,IMG_3119.JPG,2448,3264
Mite,420,1165,IMG_3119.JPG,2448,3264
Mite,324,1372,IMG_3119.JPG,2448,3264
Mite,191,1524,IMG_3119.JPG,2448,3264
Mite,996,1135,IMG_3119.JPG,2448,3264
Mite,591,1617,IMG_3119.JPG,2448,3264
Mite,801,1988,IMG_3119.JPG,2448,3264
Mite,309,2364,IMG_3119.JPG,2448,3264
Mite,200,2510,IMG_3119.JPG,2448,3264
Mite,71,2408,IMG_3119.JPG,2448,3264
Mite,125,2736,IMG_3119.JPG,2448,3264
Mite,788,3194,IMG_3119.JPG,2448,3264
Mite,1333,739,IMG_3119.JPG,2448,3264
Mite,1729,590,IMG_3119.JPG,2448,3264
Mite,1708,930,IMG_3119.JPG,2448,3264
Mite,1728,914,IMG_3119.JPG,2448,3264
Mite,1886,937,IMG_3119.JPG,2448,3264
Mite,1957,934,IMG_3119.JPG,2448,3264
Mite,2214,1034,IMG_3119.JPG,2448,3264
Mite,2229,1296,IMG_3119.JPG,2448,3264
Mite,1900,1360,IMG_3119.JPG,2448,3264
Mite,1787,1278,IMG_3119.JPG,2448,3264
Mite,1760,1414,IMG_3119.JPG,2448,3264
Mite,2080,1388,IMG_3119.JPG,2448,3264
Mite,1705,1641,IMG_3119.JPG,2448,3264
Mite,2182,1973,IMG_3119.JPG,2448,3264
Mite,1753,2019,IMG_3119.JPG,2448,3264
Mite,2071,2253,IMG_3119.JPG,2448,3264
Mite,1334,1540,IMG_3120.JPG,2448,3264
Mite,1458,1390,IMG_3120.JPG,2448,3264
Mite,1327,1319,IMG_3120.JPG,2448,3264
Mite,775,2392,IMG_3120.JPG,2448,3264
Mite,1301,2510,IMG_3120.JPG,2448,3264
Mite,1407,2365,IMG_3120.JPG,2448,3264
Mite,1525,1131,IMG_3120.JPG,2448,3264
Mite,1562,1191,IMG_3120.JPG,2448,3264
Mite,2188,806,IMG_3120.JPG,2448,3264
Mite,2334,660,IMG_3120.JPG,2448,3264
Mite,1850,982,IMG_3120.JPG,2448,3264
Mite,1995,1087,IMG_3120.JPG,2448,3264
Mite,2015,1065,IMG_3120.JPG,2448,3264
Mite,2187,1033,IMG_3120.JPG,2448,3264
Mite,2099,1079,IMG_3120.JPG,2448,3264
Mite,2316,1011,IMG_3120.JPG,2448,3264
Mite,2130,1166,IMG_3120.JPG,2448,3264
Mite,1981,1406,IMG_3120.JPG,2448,3264
Mite,1834,1623,IMG_3120.JPG,2448,3264
Mite,1902,2004,IMG_3120.JPG,2448,3264
Mite,1359,2817,IMG_3121.JPG,2448,3264
Mite,1577,2614,IMG_3121.JPG,2448,3264
Mite,1614,2669,IMG_3121.JPG,2448,3264
Mite,1496,2890,IMG_3121.JPG,2448,3264
Mite,1349,3050,IMG_3121.JPG,2448,3264
Mite,2289,2516,IMG_3121.JPG,2448,3264
Mite,2198,2559,IMG_3121.JPG,2448,3264
Mite,2233,2652,IMG_3121.JPG,2448,3264
Mite,2112,2546,IMG_3121.JPG,2448,3264
Mite,1926,2472,IMG_3121.JPG,2448,3264
Mite,2300,2278,IMG_3121.JPG,2448,3264
Mite,2170,3109,IMG_3121.JPG,2448,3264
Mite,1466,133,IMG_3122.JPG,2448,3264
Mite,666,766,IMG_3122.JPG,2448,3264
Mite,530,2563,IMG_3122.JPG,2448,3264
Mite,734,2651,IMG_3122.JPG,2448,3264
Mite,822,2677,IMG_3122.JPG,2448,3264
Mite,856,2769,IMG_3122.JPG,2448,3264
Mite,167,2699,IMG_3122.JPG,2448,3264
Mite,201,2766,IMG_3122.JPG,2448,3264
Mite,75,2978,IMG_3122.JPG,2448,3264
Mite,673,3035,IMG_3122.JPG,2448,3264
Mite,793,3259,IMG_3122.JPG,2448,3264
Mite,925,2618,IMG_3122.JPG,2448,3264
Mite,1369,2887,IMG_3122.JPG,2448,3264
Mite,1407,2930,IMG_3122.JPG,2448,3264
Mite,1290,2219,IMG_3122.JPG,2448,3264
Mite,1103,2224,IMG_3122.JPG,2448,3264
Mite,1265,2368,IMG_3122.JPG,2448,3264
Mite,759,2021,IMG_3122.JPG,2448,3264
Mite,1717,2216,IMG_3122.JPG,2448,3264
Mite,1602,2728,IMG_3122.JPG,2448,3264
Mite,1663,2596,IMG_3122.JPG,2448,3264
Mite,1697,2572,IMG_3122.JPG,2448,3264
Mite,1877,2634,IMG_3122.JPG,2448,3264
Mite,1959,2618,IMG_3122.JPG,2448,3264
Mite,2269,2705,IMG_3122.JPG,2448,3264
Mite,2424,2583,IMG_3122.JPG,2448,3264
Mite,1560,2904,IMG_3122.JPG,2448,3264
Mite,2050,3130,IMG_3122.JPG,2448,3264
Mite,2227,3030,IMG_3122.JPG,2448,3264
Mite,1172,512,IMG_3123.JPG,2448,3264
Mite,14,287,IMG_3123.JPG,2448,3264
Mite,815,922,IMG_3123.JPG,2448,3264
Mite,334,2307,IMG_3123.JPG,2448,3264
Mite,289,2677,IMG_3123.JPG,2448,3264
Mite,324,2655,IMG_3123.JPG,2448,3264
Mite,495,2708,IMG_3123.JPG,2448,3264
Mite,555,2705,IMG_3123.JPG,2448,3264
Mite,719,2830,IMG_3123.JPG,2448,3264
Mite,857,2834,IMG_3123.JPG,2448,3264
Mite,238,2809,IMG_3123.JPG,2448,3264
Mite,11,2946,IMG_3123.JPG,2448,3264
Mite,674,3195,IMG_3123.JPG,2448,3264
Mite,1178,2786,IMG_3123.JPG,2448,3264
Mite,1041,2671,IMG_3123.JPG,2448,3264
Mite,2381,1093,IMG_3123.JPG,2448,3264
Mite,1464,2636,IMG_3123.JPG,2448,3264
Mite,1601,2544,IMG_3123.JPG,2448,3264
Mite,1542,2943,IMG_3123.JPG,2448,3264
Mite,1404,3043,IMG_3123.JPG,2448,3264
Mite,165,2629,IMG_3124.JPG,2448,3264
Mite,123,3005,IMG_3124.JPG,2448,3264
Mite,26,3218,IMG_3124.JPG,2448,3264
Mite,247,2913,IMG_3124.JPG,2448,3264
Mite,491,3194,IMG_3124.JPG,2448,3264
Mite,750,2917,IMG_3124.JPG,2448,3264
Mite,751,2869,IMG_3124.JPG,2448,3264
Mite,858,2783,IMG_3124.JPG,2448,3264
Mite,437,2711,IMG_3124.JPG,2448,3264
Mite,1138,2800,IMG_3124.JPG,2448,3264
Mite,1217,2991,IMG_3124.JPG,2448,3264
Mite,852,2696,IMG_3124.JPG,2448,3264
Mite,1213,2339,IMG_3124.JPG,2448,3264
Mite,978,1168,IMG_3124.JPG,2448,3264
Mite,1593,2225,IMG_3124.JPG,2448,3264
Mite,2218,2777,IMG_3124.JPG,2448,3264
Mite,2077,2779,IMG_3124.JPG,2448,3264
Mite,618,312,IMG_3125.JPG,2448,3264
Mite,703,355,IMG_3125.JPG,2448,3264
Mite,58,2198,IMG_3125.JPG,2448,3264
Mite,1125,1123,IMG_3126.JPG,2448,3264
Mite,940,438,IMG_3126.JPG,2448,3264
Mite,28,1727,IMG_3126.JPG,2448,3264
Mite,446,2083,IMG_3126.JPG,2448,3264
Mite,1059,2531,IMG_3126.JPG,2448,3264
Mite,1315,2230,IMG_3126.JPG,2448,3264
Mite,1827,564,IMG_3126.JPG,2448,3264
Mite,1402,1873,IMG_3127.JPG,2448,3264
Mite,1185,2758,IMG_3127.JPG,2448,3264
Mite,1821,2266,IMG_3127.JPG,2448,3264
Mite,2398,504,IMG_3127.JPG,2448,3264
Mite,476,2264,IMG_3128.JPG,2448,3264
Mite,1883,2674,IMG_3128.JPG,2448,3264
Mite,1565,3162,IMG_3129.JPG,2448,3264
Mite,1223,652,IMG_3129.JPG,2448,3264
Mite,1946,2923,IMG_3129.JPG,2448,3264
Mite,1339,1543,IMG_3130.JPG,2448,3264
Mite,1685,799,IMG_3130.JPG,2448,3264
Mite,490,2107,IMG_3130.JPG,2448,3264
Mite,428,2957,IMG_3130.JPG,2448,3264
Mite,2272,1628,IMG_3130.JPG,2448,3264
Mite,1006,1631,IMG_3131.JPG,2448,3264
Mite,1661,1023,IMG_3131.JPG,2448,3264
Mite,74,1550,IMG_3131.JPG,2448,3264
Mite,287,2248,IMG_3131.JPG,2448,3264
Mite,1892,1086,IMG_3131.JPG,2448,3264
Mite,1257,1080,IMG_3132.JPG,2448,3264
Mite,1037,1012,IMG_3132.JPG,2448,3264