Mite,592,1677,IMG_2803.JPG,2448,3264
Mite,1165,610,IMG_2803.JPG,2448,3264
Mite,815,647,IMG_2805.JPG,2448,3264
Mite,277,83,IMG_2805.JPG,2448,3264
Mite,1897,464,IMG_2806.JPG,2448,3264
Mite,676,15,IMG_2807.JPG,2448,3264
Mite,65,1954,IMG_2807.JPG,2448,3264
Mite,1888,1105,IMG_2807.JPG,2448,3264
Mite,2052,1784,IMG_2807.JPG,2448,3264
Mite,1480,1900,IMG_2808.JPG,2448,3264
Mite,992,1346,IMG_2808.JPG,2448,3264
Mite,1280,537,IMG_2808.JPG,2448,3264
Mite,438,500,IMG_2808.JPG,2448,3264
Mite,430,778,IMG_2808.JPG,2448,3264
Mite,143,436,IMG_2808.JPG,2448,3264
Mite,2039,26,IMG_2808.JPG,2448,3264
Mite,1289,439,IMG_2809.JPG,2448,3264
Mite,1577,489,IMG_2809.JPG,2448,3264
Mite,1172,907,IMG_2809.JPG,2448,3264
Mite,1562,772,IMG_2809.JPG,2448,3264
Mite,352,2057,IMG_2809.JPG,2448,3264
Mite,1760,1958,IMG_2809.JPG,2448,3264
Mite,2399,527,IMG_2809.JPG,2448,3264
Mite,2126,1318,IMG_2809.JPG,2448,3264
Mite,962,2115,IMG_2810.JPG,2448,3264
Mite,409,3193,IMG_2810.JPG,2448,3264
Mite,1735,933,IMG_2810.JPG,2448,3264
Mite,1832,473,IMG_2810.JPG,2448,3264
Mite,2121,517,IMG_2810.JPG,2448,3264
Mite,2116,799,IMG_2810.JPG,2448,3264
Mite,2333,1969,IMG_2810.JPG,2448,3264
Mite,2331,1695,IMG_2811.JPG,2448,3264
Mite,2183,2935,IMG_2811.JPG,2448,3264
Mite,729,1794,IMG_2812.JPG,2448,3264
Mite,1297,966,IMG_2812.JPG,2448,3264
Mite,770,2486,IMG_2812.JPG,2448,3264
Mite,610,3134,IMG_2812.JPG,2448,3264
Mite,1154,2921,IMG_2812.JPG,2448,3264
Mite,1157,2549,IMG_2812.JPG,2448,3264
Mite,2263,2573,IMG_2812.JPG,2448,3264
Mite,773,2639,IMG_2813.JPG,2448,3264
Mite,1796,1867,IMG_2813.JPG,2448,3264
Mite,1251,855,IMG_2813.JPG,2448,3264
Mite,1736,467,IMG_2814.JPG,2448,3264
Mite,275,1931,IMG_2814.JPG,2448,3264
Mite,715,2790,IMG_2814.JPG,2448,3264